w1	w2	count	gt_prob
છે	.	35	0.02417127
છે	,	8	0.00552486
.	આ	6	0.00414365
શકે	છે	5	0.00138122
હતા	.	5	0.00138122
હતો	.	5	0.00138122
કર્યું	હતું	4	0.00258978
જૂના	માણસ	4	0.00258978
રૂા	.	4	0.00258978
હતું	.	4	0.00258978
,	અને	3	0.00220994
.	તેમણે	3	0.00220994
આવે	છે	3	0.00220994
માટે	,	3	0.00220994
હતું	કે	3	0.00220994
,	તેમણે	2	0.00022041
.	એસ	2	0.00022041
.	કેન્દ્રીય	2	0.00022041
.	જેને	2	0.00022041
.	પછી	2	0.00022041
.	બી	2	0.00022041
.	સી	2	0.00022041
અનાવરણ	કર્યું	2	0.00022041
આ	આરોપી	2	0.00022041
આ	કેદીઓને	2	0.00022041
આપે	છે	2	0.00022041
આરોપી	ને	2	0.00022041
આવશે	.	2	0.00022041
આવી	છે	2	0.00022041
આવ્યા	અને	2	0.00022041
ઉપયોગી	છે	2	0.00022041
એલ	.	2	0.00022041
એસ	.	2	0.00022041
કરવામાં	આવશે	2	0.00022041
કરી	શકે	2	0.00022041
કાર	વીમા	2	0.00022041
કારણે	તેમની	2	0.00022041
કે	આ	2	0.00022041
કે	તેઓ	2	0.00022041
છે	કે	2	0.00022041
ઝડપી	પાડવા	2	0.00022041
ડી	.	2	0.00022041
તા	.	2	0.00022041
તેમની	અંદર	2	0.00022041
થશે	.	2	0.00022041
દારૃનો	જથ્થો	2	0.00022041
ન	હતી	2	0.00022041
ના	રોજ	2	0.00022041
ને	આ	2	0.00022041
ને	ઝડપી	2	0.00022041
પાડવા	માટે	2	0.00022041
પી	.	2	0.00022041
બી	.	2	0.00022041
ભથ્થું	,	2	0.00022041
ભયના	કારણે	2	0.00022041
માટે	નર્મદા	2	0.00022041
યાત્રા	દરમિયાન	2	0.00022041
રહેશે	.	2	0.00022041
લાગે	છે	2	0.00022041
શરૂ	કર્યું	2	0.00022041
સી	.	2	0.00022041
હતી	.	2	0.00022041
!	કોઈ	1	0.00005156
!	નર્મદા	1	0.00005156
,	2008	1	0.00005156
,	અઠવાડિયામાં	1	0.00005156
,	અથવા	1	0.00005156
,	અમને	1	0.00005156
,	આણંદ	1	0.00005156
,	ઉદાહરણ	1	0.00005156
,	એ	1	0.00005156
,	એમ	1	0.00005156
,	ગાંધીનગર	1	0.00005156
,	ગોધરા	1	0.00005156
,	ચેતનભાઇ	1	0.00005156
,	ચોરી	1	0.00005156
,	જણાવ્યું	1	0.00005156
,	જૂના	1	0.00005156
,	જે	1	0.00005156
,	જ્યાંથી	1	0.00005156
,	તેઓ	1	0.00005156
,	તેને	1	0.00005156
,	તેમાં	1	0.00005156
,	ત્યારે	1	0.00005156
,	ત્રિપુરા	1	0.00005156
,	દિલીપ	1	0.00005156
,	નડિયાદ	1	0.00005156
,	નાગાલેન્ડ	1	0.00005156
,	નેતાઓ	1	0.00005156
,	પંપનું	1	0.00005156
,	પ્રોવિડન્ટ	1	0.00005156
,	પ્લેટ	1	0.00005156
,	બે	1	0.00005156
,	માત્ર	1	0.00005156
,	મિલનભાઇ	1	0.00005156
,	વિનોદ	1	0.00005156
,	વિપક્ષના	1	0.00005156
,	વેરા	1	0.00005156
,	વ્યક્તિગત	1	0.00005156
,	શહેર	1	0.00005156
,	સગર્ભા	1	0.00005156
,	સમજશક્તિ	1	0.00005156
,	સાંજે	1	0.00005156
,	હાલોલ	1	0.00005156
.	અઠવાડિયાના	1	0.00005156
.	અવાજ	1	0.00005156
.	અહીંયાં	1	0.00005156
.	આઇ	1	0.00005156
.	આબુથી	1	0.00005156
.	આમ	1	0.00005156
.	આરોપી	1	0.00005156
.	આવા	1	0.00005156
.	ઉખાણાઓ	1	0.00005156
.	એલ	1	0.00005156
.	કર્ક	1	0.00005156
.	કાગદડી	1	0.00005156
.	કાર	1	0.00005156
.	કારણ	1	0.00005156
.	કેટલાક	1	0.00005156
.	કોર્ટે	1	0.00005156
.	ખાસ	1	0.00005156
.	ખુબજ	1	0.00005156
.	ગાર્ગી	1	0.00005156
.	ગ્રો	1	0.00005156
.	જૂના	1	0.00005156
.	જોકે	1	0.00005156
.	જ્યારે	1	0.00005156
.	ડી	1	0.00005156
.	તમારા	1	0.00005156
.	તે	1	0.00005156
.	તેઓ	1	0.00005156
.	તેના	1	0.00005156
.	તેમજ	1	0.00005156
.	ત્યાં	1	0.00005156
.	ત્યારબાદ	1	0.00005156
.	દબાણના	1	0.00005156
.	દેશના	1	0.00005156
.	ધન	1	0.00005156
.	ધારાસભ્ય	1	0.00005156
.	નમૂનારૂપ	1	0.00005156
.	ના	1	0.00005156
.	પણ	1	0.00005156
.	પી	1	0.00005156
.	પુરાવા	1	0.00005156
.	પુરું	1	0.00005156
.	પ્રણવ	1	0.00005156
.	બદલામાં	1	0.00005156
.	બાળ	1	0.00005156
.	ભાજપના	1	0.00005156
.	મિશિગનના	1	0.00005156
.	મોરબીના	1	0.00005156
.	યાત્રા	1	0.00005156
.	યુનાઇટેડ	1	0.00005156
.	રપ	1	0.00005156
.	રર	1	0.00005156
.	રાજપીપળા	1	0.00005156
.	રાજસ્થાનના	1	0.00005156
.	રાજ્યના	1	0.00005156
.	રાષ્ટ્રપતિએ	1	0.00005156
.	રિજેક્શનના	1	0.00005156
.	વલણ	1	0.00005156
.	વસાવા	1	0.00005156
.	વા	1	0.00005156
.	વીણાએ	1	0.00005156
.	સંમત	1	0.00005156
.	સગર્ભાવસ્થામાં	1	0.00005156
.	સજ્જન	1	0.00005156
.	સદ્ગતનું	1	0.00005156
.	સરકાર	1	0.00005156
.	સહીત	1	0.00005156
.	સૌથી	1	0.00005156
.	હાઈકોર્ટના	1	0.00005156
.	હીટિંગ	1	0.00005156
.	હોટ	1	0.00005156
.	૧.	1	0.00005156
.	૧૦.	1	0.00005156
.	૧૫.	1	0.00005156
.	૭	1	0.00005156
.	૮.	1	0.00005156
...	આપણાં	1	0.00005156
...	ઉત્તર	1	0.00005156
10	વર્ષના	1	0.00005156
100	લોડ	1	0.00005156
2008	માં	1	0.00005156
23.	97	1	0.00005156
3	ડી	1	0.00005156
30,000	બાળકો	1	0.00005156
32,000	થી	1	0.00005156
359	.	1	0.00005156
55,040	હતો	1	0.00005156
80	દર્દીઓમાં	1	0.00005156
83,000	ડોલરની	1	0.00005156
97	ડોલર	1	0.00005156
?	.	1	0.00005156
અંકલેશ્વર	આવી	1	0.00005156
અંતે	કોઈ	1	0.00005156
અંદર	આત્મવિશ્વાસનો	1	0.00005156
અંદર	એવી	1	0.00005156
અગવડતાને	કારણે	1	0.00005156
અગ્રવાલને	પકડવા	1	0.00005156
અગ્રવાલે	ખેડુતોને	1	0.00005156
અટકે	કરશે	1	0.00005156
અઠવાડિયાના	અંતે	1	0.00005156
અઠવાડિયામાં	એક	1	0.00005156
અઠવાડિયે	ખર્ચો	1	0.00005156
અથવા	કલાક	1	0.00005156
અધ્યક્ષ	રાહુલ	1	0.00005156
અનરજીસ્ટર્ડ	પર્સન	1	0.00005156
અનલોડ	છે	1	0.00005156
અનુભવ	નવો	1	0.00005156
અનુસાર	,	1	0.00005156
અને	અમદાવાદમાં	1	0.00005156
અને	આ	1	0.00005156
અને	એસ્ટેટ	1	0.00005156
અને	કહ્યું	1	0.00005156
અને	ખૂબ	1	0.00005156
અને	ગ્રેચ્યુઇટીમાં	1	0.00005156
અને	જૂના	1	0.00005156
અને	ડી	1	0.00005156
અને	તેઓ	1	0.00005156
અને	તેની	1	0.00005156
અને	તેને	1	0.00005156
અને	દાન	1	0.00005156
અને	નેતાઓને	1	0.00005156
અને	પર્સ	1	0.00005156
અને	પુખ્ત	1	0.00005156
અને	બે	1	0.00005156
અને	મેઘાલયમાં	1	0.00005156
અને	રબારી	1	0.00005156
અને	રમુજી	1	0.00005156
અને	રાજ્યસભાના	1	0.00005156
અને	લોકો	1	0.00005156
અને	વજન	1	0.00005156
અને	વડોદરા	1	0.00005156
અને	વિરસિંહને	1	0.00005156
અને	વિશ્વના	1	0.00005156
અને	શું	1	0.00005156
અને	સમૃદ્ધ	1	0.00005156
અને	સારો	1	0.00005156
અનેક	વેધક	1	0.00005156
અન્ય	વેપારીઓને	1	0.00005156
અપરાધ	દ્રશ્ય	1	0.00005156
અપાયુ	હતુ	1	0.00005156
અભાવ	દેખાવા	1	0.00005156
અભિપ્રાય	લિધો	1	0.00005156
અમદાવાદ	તેમજ	1	0.00005156
અમદાવાદમાં	બૂટલેગર	1	0.00005156
અમને	આસપાસ	1	0.00005156
અમિતાભ	બચ્ચના	1	0.00005156
અમેરિકાની	વૈશ્વિક	1	0.00005156
અમેરિકામાં	32,000	1	0.00005156
અર્પણ	કર્યા	1	0.00005156
અલગ	અલગ	1	0.00005156
અલગ	ટીમો	1	0.00005156
અવલોકન	કર્યું	1	0.00005156
અવસાન	પામેલ	1	0.00005156
અવાજ	સુનાવણી	1	0.00005156
અવાઝ	ઉઠાવવો	1	0.00005156
અહીંયાં	આપણે	1	0.00005156
અહેમદ	પટેલ	1	0.00005156
આ	અઠવાડિયે	1	0.00005156
આ	આંકડો	1	0.00005156
આ	આરોપીને	1	0.00005156
આ	ઉદ્ઘાટન	1	0.00005156
આ	કિસ્સામાં	1	0.00005156
આ	ક્ષેત્રના	1	0.00005156
આ	ક્ષેત્રે	1	0.00005156
આ	ખાસ	1	0.00005156
આ	જાદુઈ	1	0.00005156
આ	ઠેકાઓ	1	0.00005156
આ	નિર્ણય	1	0.00005156
આ	બધી	1	0.00005156
આ	ભયના	1	0.00005156
આ	મુદ્દે	1	0.00005156
આ	સજ્જન	1	0.00005156
આ	સારા	1	0.00005156
આ	સિન્ડ્રોમ	1	0.00005156
આંકડો	માટે	1	0.00005156
આઇ	એચ	1	0.00005156
આઇટીપી	નું	1	0.00005156
આખરે	આ	1	0.00005156
આખરે	ત્રણ	1	0.00005156
આગ	ભરૂચથી	1	0.00005156
આગળ	યોનિમાર્ગ	1	0.00005156
આગામી	પાંચ	1	0.00005156
આણંદ	,	1	0.00005156
આત્મવિશ્વાસનો	અભાવ	1	0.00005156
આદરી	હતી	1	0.00005156
આદીવાસી	ખેડુતોને	1	0.00005156
આપ	તે	1	0.00005156
આપઘાત	કરી	1	0.00005156
આપણાં	શાસ્ત્રોમાં	1	0.00005156
આપણે	કઈ	1	0.00005156
આપનાં	પેરેન્ટ્સે	1	0.00005156
આપને	કહી	1	0.00005156
આપવા	માટે	1	0.00005156
આપવામાં	આવી	1	0.00005156
આપી	.	1	0.00005156
આપી	ન	1	0.00005156
આપીને	!	1	0.00005156
આપીશ	તેમ	1	0.00005156
આપ્યું	હતું	1	0.00005156
આબુથી	આવતો	1	0.00005156
આમ	,	1	0.00005156
આમ	આ	1	0.00005156
આરોપ	આ	1	0.00005156
આરોપી	કલ્પેશ	1	0.00005156
આરોપીને	મહારાષ્ટ્રથી	1	0.00005156
આવકને	નુકશાન	1	0.00005156
આવતો	દારૃનો	1	0.00005156
આવા	કપરા	1	0.00005156
આવી	પહોંચ્યાં	1	0.00005156
આવે	.	1	0.00005156
આવેલી	છે	1	0.00005156
આવ્યા	.	1	0.00005156
આવ્યો	છે	1	0.00005156
આશરા	ઉ	1	0.00005156
આશિર્વાદ	યાત્રા	1	0.00005156
આશીર્વાદ	યાત્રા	1	0.00005156
આસપાસ	મન	1	0.00005156
ઇચ્છતી	હતી	1	0.00005156
ઇન્ડસ્ટ્રીઝના	નામે	1	0.00005156
ઇન્સ્ટિટયૂટ	ડબ્લ્યૂઆરઆઇ	1	0.00005156
ઇન્સ્ટીટયૂટનું	લોકાર્પણ	1	0.00005156
ઇન્હેલેશન	ડીપીટી	1	0.00005156
ઈન્દોરના	એક	1	0.00005156
ઉ	.	1	0.00005156
ઉખાણાઓ	એક	1	0.00005156
ઉખાણાઓ	બાળકો	1	0.00005156
ઉઘરાવેલ	રૂા	1	0.00005156
ઉઠાવવો	પડશે	1	0.00005156
ઉઠ્યો	,	1	0.00005156
ઉતારવામાં	આવે	1	0.00005156
ઉત્તર	આમ	1	0.00005156
ઉત્તર	ગુજરાતમાં	1	0.00005156
ઉત્તર	પ્રદેશમાં	1	0.00005156
ઉત્પન્ન	થવા	1	0.00005156
ઉદાહરણ	તરીકે	1	0.00005156
ઉદ્ઘાટન	પ્રસંગે	1	0.00005156
ઉપયોગ	કરાયો	1	0.00005156
ઉપરાંત	મુસાફરી	1	0.00005156
ઉમળકાભેર	રહેતા	1	0.00005156
ઉષ્ણતા	બિંદુ	1	0.00005156
ઊંચા	જોખમ	1	0.00005156
એ	કાર્ય	1	0.00005156
એ	જણાવ્યું	1	0.00005156
એ	જોવું	1	0.00005156
એ	બીજા	1	0.00005156
એક	કપ	1	0.00005156
એક	નવી	1	0.00005156
એક	પોલીસ	1	0.00005156
એક	વખત	1	0.00005156
એક	વિકલ્પ	1	0.00005156
એક	વૃદ્ધ	1	0.00005156
એક	સંપત્તિ	1	0.00005156
એક	સ્વતંત્ર	1	0.00005156
એક	સ્વવેના	1	0.00005156
એકનું	મોત	1	0.00005156
એક્સચેન્જો	સાથે	1	0.00005156
એક્સ્ચેન્જર	પૂરી	1	0.00005156
એચ	જી	1	0.00005156
એટલી	સારી	1	0.00005156
એનર્જી	ક્ષેત્રમાં	1	0.00005156
એન્જીનીયર	તે	1	0.00005156
એન્ડ	હાર્ટ	1	0.00005156
એમ	અમેરિકાની	1	0.00005156
એમણે	તમારો	1	0.00005156
એલાન	પણ	1	0.00005156
એવી	લાગણી	1	0.00005156
એસ	પી	1	0.00005156
એસ્ટેટ	આપી	1	0.00005156
ઓપી	કોહલી	1	0.00005156
ઓફ	લેબર	1	0.00005156
કંડલા	પોર્ટ	1	0.00005156
કંપની	તેઓ	1	0.00005156
કઈ	રીતે	1	0.00005156
કન્ટેનર	પાછળ	1	0.00005156
કપ	સાથે	1	0.00005156
કપરા	સમયમાં	1	0.00005156
કરતા	ખળભળાટ	1	0.00005156
કરતાં	સ્વવેન	1	0.00005156
કરવા	માટે	1	0.00005156
કરવાની	માગણી	1	0.00005156
કરવાનું	છે	1	0.00005156
કરવાનું	મહત્ત્વ	1	0.00005156
કરવાનો	અનુભવ	1	0.00005156
કરવામાં	આવી	1	0.00005156
કરવામાં	આવે	1	0.00005156
કરવામાં	આવેલી	1	0.00005156
કરવું	તેના	1	0.00005156
કરશે	,	1	0.00005156
કરશે	.	1	0.00005156
કરાયો	હતો	1	0.00005156
કરાવેલ	નથી	1	0.00005156
કરી	લેતાં	1	0.00005156
કરીએ	છે	1	0.00005156
કરીને	ગામડાના	1	0.00005156
કરીને	ફરાર	1	0.00005156
કરે	.	1	0.00005156
કરે	છે	1	0.00005156
કરેલ	તથા	1	0.00005156
કરો	જે	1	0.00005156
કરોડ	રૃપીયાની	1	0.00005156
કરોડના	બોગસ	1	0.00005156
કરોડની	વેરાશાખ	1	0.00005156
કરોડની	સરકારની	1	0.00005156
કરોડો	રૂપિયાની	1	0.00005156
કરોડોનો	વેરો	1	0.00005156
કર્ક	મહિલા	1	0.00005156
કર્મચારીઓને	ડીએની	1	0.00005156
કર્યા	પછી	1	0.00005156
કર્યા	હતા	1	0.00005156
કર્યું	છે	1	0.00005156
કર્યું	તહું	1	0.00005156
કલાક	દીઠ	1	0.00005156
કલ્પેશ	અગ્રવાલને	1	0.00005156
કલ્પેશ	સુભાષ	1	0.00005156
કહી	ને	1	0.00005156
કહી	હોય	1	0.00005156
કહ્યુ	હતું	1	0.00005156
કહ્યું	કે	1	0.00005156
કહ્યું	જાદુ	1	0.00005156
કાગદડી	નજીક	1	0.00005156
કામ	એક	1	0.00005156
કામ	કરવાનો	1	0.00005156
કામની	તટસ્થ	1	0.00005156
કામો	માટે	1	0.00005156
કાયદાઓએ	તમામ	1	0.00005156
કારણ	કે	1	0.00005156
કારણે	ખેડુતોમા	1	0.00005156
કારણે	નહીં	1	0.00005156
કારમાં	આગ	1	0.00005156
કાર્ય	કરશે	1	0.00005156
કાર્યકરોએ	જન	1	0.00005156
કિસ્સામાં	,	1	0.00005156
કીફિર	પર	1	0.00005156
કુલ	રૂા	1	0.00005156
કે	,	1	0.00005156
કે	3	1	0.00005156
કે	ટ્વિટર	1	0.00005156
કે	નહીં	1	0.00005156
કે	પેટના	1	0.00005156
કે	યોગ્ય	1	0.00005156
કે	સીરિઝમાં	1	0.00005156
કેટલાક	જાતકો	1	0.00005156
કેદીઓને	ત્રણ	1	0.00005156
કેદીઓને	બાળગૃહમાંથી	1	0.00005156
કેદીઓને	મુક્ત	1	0.00005156
કેન્દ્રીય	કર્મચારીઓને	1	0.00005156
કેન્દ્રીય	મંત્રી	1	0.00005156
કેવી	રીતે	1	0.00005156
કેસ	નોંધવામાં	1	0.00005156
કૉલેજમાં	છેડતીનો	1	0.00005156
કોંગ્રેસ	અધ્યક્ષ	1	0.00005156
કોઈ	કંપની	1	0.00005156
કોઈ	નિવેદન	1	0.00005156
કોઈ	વાતને	1	0.00005156
કોરોના	વાયરસના	1	0.00005156
કોર્ટે	આ	1	0.00005156
કોહલી	અને	1	0.00005156
ક્યારેક	આપનાં	1	0.00005156
ક્યારેય	સારું	1	0.00005156
ક્રૂરતાનો	કેસ	1	0.00005156
ક્ષેત્રના	લોકોનો	1	0.00005156
ક્ષેત્રમાં	આગામી	1	0.00005156
ક્ષેત્રે	રોજગારીની	1	0.00005156
ખરીદવાનું	અને	1	0.00005156
ખરીદી	કર્યા	1	0.00005156
ખરીદી	મહિસાગર	1	0.00005156
ખરીદીઓનાં	વેચાણો	1	0.00005156
ખર્ચો	વધારે	1	0.00005156
ખળભળાટ	મચ્યો	1	0.00005156
ખવડાવી	,	1	0.00005156
ખાસ	કરીને	1	0.00005156
ખાસ	યુઝર્સને	1	0.00005156
ખુબજ	મુશ્કેલ	1	0.00005156
ખૂબ	જ	1	0.00005156
ખેંચે	છે	1	0.00005156
ખેડુતોને	રૃપીયા	1	0.00005156
ખેડુતોને	વધુ	1	0.00005156
ખેડુતોમા	ભારે	1	0.00005156
ખેડૂતો	ઉમળકાભેર	1	0.00005156
ખેડૂતો	પોતાની	1	0.00005156
ખેતીના	વિકલ્પરૂપે	1	0.00005156
ગઇ	છે	1	0.00005156
ગઈ	છે	1	0.00005156
ગમે	એ	1	0.00005156
ગયું	અને	1	0.00005156
ગયો	હતો	1	0.00005156
ગરીબ	આદીવાસી	1	0.00005156
ગરીબોને	ખેતીના	1	0.00005156
ગાંધી	દ્વારા	1	0.00005156
ગાંધીજીની	પ્રતિમાનું	1	0.00005156
ગાંધીજીની	પ્રતિમાને	1	0.00005156
ગાંધીનગર	અને	1	0.00005156
ગાડી	કન્ટેનર	1	0.00005156
ગામડાના	ગરીબોને	1	0.00005156
ગામની	પરિણીતાએ	1	0.00005156
ગાર્ગી	કૉલેજમાં	1	0.00005156
ગુ	કરે	1	0.00005156
ગુજરાતના	રાજ્યપાલ	1	0.00005156
ગુજરાતમાં	દારૃ	1	0.00005156
ગુટર	ગુ	1	0.00005156
ગુસ્સો	જોવા	1	0.00005156
ગોધરા	,	1	0.00005156
ગ્રાન્ટ	આપે	1	0.00005156
ગ્રેચ્યુઇટીમાં	પણ	1	0.00005156
ગ્રો	અને	1	0.00005156
ઘટાડવા	માટે	1	0.00005156
ઘણા	કરતાં	1	0.00005156
ઘણીબધી	ચર્ચા	1	0.00005156
ઘર	એક	1	0.00005156
ચકચાર	મચી	1	0.00005156
ચર્ચા	કરવામાં	1	0.00005156
ચા	અને	1	0.00005156
ચાર્મી	ઇન્ડસ્ટ્રીઝના	1	0.00005156
ચિંતા	થઈ	1	0.00005156
ચુકવ્યા	વગર	1	0.00005156
ચેતનભાઇ	ના	1	0.00005156
ચોરી	વસ્તુઓ	1	0.00005156
છીએ	.	1	0.00005156
છે	?	1	0.00005156
છે	અને	1	0.00005156
છે	ઘણા	1	0.00005156
છે	તો	1	0.00005156
છે	વેરાવળ	1	0.00005156
છેડતીનો	મામલો	1	0.00005156
છેલ્લા	10	1	0.00005156
છો	જે	1	0.00005156
છોડવાના	સંકેત	1	0.00005156
જ	અવાઝ	1	0.00005156
જ	મેદસ્વી	1	0.00005156
જ	વર્ષે	1	0.00005156
જઈ	બંને	1	0.00005156
જણાવ્યું	કે	1	0.00005156
જણાવ્યું	છે	1	0.00005156
જણાવ્યું	હતું	1	0.00005156
જણાશે	.	1	0.00005156
જતા	એકનું	1	0.00005156
જતા	કેવી	1	0.00005156
જથ્થો	ખરીદી	1	0.00005156
જથ્થો	ઠલવાય	1	0.00005156
જથ્થો	સાંચોર	1	0.00005156
જન	આશિર્વાદ	1	0.00005156
જન	આશીર્વાદ	1	0.00005156
જનતાએ	જ	1	0.00005156
જનાદેશનો	સ્વાગત	1	0.00005156
જમા	કરાવેલ	1	0.00005156
જમીન	મુક્ત	1	0.00005156
જરૂર	છે	1	0.00005156
જરૂર	શુ	1	0.00005156
જવાની	જરૂર	1	0.00005156
જાડેજાના	માર્ગદર્શન	1	0.00005156
જાતકો	માટે	1	0.00005156
જાદુ	અને	1	0.00005156
જાદુઈ	ભેટ	1	0.00005156
જિલ્લામાં	ઠાલવે	1	0.00005156
જી	ભરવાડ	1	0.00005156
જીઇબી	એન્જીનીયર	1	0.00005156
જીતીવા	માટે	1	0.00005156
જીલ્લા	એલ	1	0.00005156
જીલ્લા	પોલીસે	1	0.00005156
જીલ્લાના	ડેડીયાપાડા	1	0.00005156
જૂથ	સ્થાપિત	1	0.00005156
જૂન	મહિનામાં	1	0.00005156
જે	100	1	0.00005156
જે	અગવડતાને	1	0.00005156
જે	ક્યારેક	1	0.00005156
જે	શક્યત	1	0.00005156
જેટલી	અલગ	1	0.00005156
જેના	કારણે	1	0.00005156
જેને	પગલે	1	0.00005156
જેને	વ્યાપક	1	0.00005156
જોઈ	રહ્યું	1	0.00005156
જોઈએ	.	1	0.00005156
જોકે	,	1	0.00005156
જોખમ	પર	1	0.00005156
જોવા	મળે	1	0.00005156
જોવા	મળ્યો	1	0.00005156
જોવા	માટે	1	0.00005156
જોવામાં	વ્યસ્ત	1	0.00005156
જોવું	રસપ્રદ	1	0.00005156
જ્યાં	તેમણે	1	0.00005156
જ્યાંથી	અમદાવાદ	1	0.00005156
જ્યારે	આપ	1	0.00005156
જ્યારે	મોરારીબાપુએ	1	0.00005156
જ્યોતિરાદિત્ય	સિંધિયાની	1	0.00005156
ઝડપથી	વૃદ્ધિ	1	0.00005156
ઝડપી	પાડયો	1	0.00005156
ઝાલોદના	બૂટલેગરો	1	0.00005156
ટાઇગર	સેના	1	0.00005156
ટાળી	દેવી	1	0.00005156
ટીમો	બનાવી	1	0.00005156
ટીમોએ	તપાસ	1	0.00005156
ટેક્સ	વધારવાની	1	0.00005156
ટેલીફોનીક	બેસણુ	1	0.00005156
ટ્રસ્ટ	ની	1	0.00005156
ટ્વિટર	કોઈ	1	0.00005156
ટ્વિટર	છોડવાના	1	0.00005156
ટ્વિટર	પોતાના	1	0.00005156
ઠંડીથી	ઇન્હેલેશન	1	0.00005156
ઠલવાય	છે	1	0.00005156
ઠાલવે	છે	1	0.00005156
ઠેકાઓ	પરથી	1	0.00005156
ડબ્લ્યૂઆરઆઇ	એ	1	0.00005156
ડી	ફિલ્મમાં	1	0.00005156
ડી	વાય	1	0.00005156
ડીએની	ઉપરાંત	1	0.00005156
ડીપીટી	કંડલા	1	0.00005156
ડેડીયાપાડા	સાગબારા	1	0.00005156
ડોલર	હતો	1	0.00005156
ડોલરની	વચ્ચેનો	1	0.00005156
ડ્રાઇવરોને	તેની	1	0.00005156
ડ્રોપની	ભરપાઈ	1	0.00005156
ઢાંઢણી	ગામની	1	0.00005156
તક	મળી	1	0.00005156
તકતીનું	અનાવરણ	1	0.00005156
તકો	સર્જાવાની	1	0.00005156
તઘલખી	નિર્ણયો	1	0.00005156
તટસ્થ	તપાસ	1	0.00005156
તથા	અનરજીસ્ટર્ડ	1	0.00005156
તપાસ	આદરી	1	0.00005156
તપાસ	થાય	1	0.00005156
તપાસકર્તાઓ	માટેનો	1	0.00005156
તબક્કા	છે	1	0.00005156
તબદીલ	કરેલ	1	0.00005156
તમને	એક	1	0.00005156
તમામ	ખેડૂતો	1	0.00005156
તમામ	લાઇસન્સવાળા	1	0.00005156
તમારા	પક્ષના	1	0.00005156
તમારા	માટે	1	0.00005156
તમારો	અભિપ્રાય	1	0.00005156
તમાશો	જોવામાં	1	0.00005156
તરફ	આ	1	0.00005156
તરીકે	,	1	0.00005156
તરુણો	એક	1	0.00005156
તહું	.	1	0.00005156
તાલીમ	!	1	0.00005156
તુવેરો	ખરીદી	1	0.00005156
તે	જ	1	0.00005156
તે	પહેલાં	1	0.00005156
તે	વલણ	1	0.00005156
તે	વાતો	1	0.00005156
તે	સારું	1	0.00005156
તે	હીરેશનભાઇ	1	0.00005156
તેઓ	એટલી	1	0.00005156
તેઓ	ગમે	1	0.00005156
તેઓ	તમામ	1	0.00005156
તેઓ	તેને	1	0.00005156
તેઓ	મેમરી	1	0.00005156
તેઓ	સંબંધિત	1	0.00005156
તેઓ	હરાવ્યું	1	0.00005156
તેના	બેગ	1	0.00005156
તેના	વિશે	1	0.00005156
તેના	સુધી	1	0.00005156
તેનાં	પ્રેમી	1	0.00005156
તેની	પત્ની	1	0.00005156
તેની	રાજ્ય	1	0.00005156
તેની	સાથે	1	0.00005156
તેને	જોવા	1	0.00005156
તેને	માટે	1	0.00005156
તેને	સારવાર	1	0.00005156
તેને	હરાવ્યું	1	0.00005156
તેમ	કહી	1	0.00005156
તેમજ	ઉત્તર	1	0.00005156
તેમજ	જીલ્લા	1	0.00005156
તેમજ	ઝાલોદના	1	0.00005156
તેમજ	તેમની	1	0.00005156
તેમજ	ત્રણ	1	0.00005156
તેમજ	પાલનપુર	1	0.00005156
તેમણે	કહ્યું	1	0.00005156
તેમણે	કુલ	1	0.00005156
તેમણે	તે	1	0.00005156
તેમણે	તેમને	1	0.00005156
તેમણે	વચન	1	0.00005156
તેમણે	સરદાર	1	0.00005156
તેમના	વજન	1	0.00005156
તેમની	ટીમોએ	1	0.00005156
તેમને	જણાવ્યું	1	0.00005156
તેમને	મુલાકાત	1	0.00005156
તેમાં	એ	1	0.00005156
તો	તમાશો	1	0.00005156
તો	પછી	1	0.00005156
તો	સાચી	1	0.00005156
ત્યાં	ઉતારવામાં	1	0.00005156
ત્યાં	તેને	1	0.00005156
ત્યારબાદ	હોસ્પિટલનું	1	0.00005156
ત્યારે	બીજી	1	0.00005156
ત્રણ	દિવસ	1	0.00005156
ત્રણ	રાજ્યોમાં	1	0.00005156
ત્રણ	વર્ષ	1	0.00005156
ત્રિપુરા	,	1	0.00005156
થઇ	ગયો	1	0.00005156
થઈ	ગઈ	1	0.00005156
થઈ	મહેસાણામાં	1	0.00005156
થઈ	શકે	1	0.00005156
થઈ	હિંમતનગર	1	0.00005156
થયેલ	છે	1	0.00005156
થવા	લાગે	1	0.00005156
થવાનો	છે	1	0.00005156
થાય	છે	1	0.00005156
થાય	તો	1	0.00005156
થી	83,000	1	0.00005156
થી	ફેલો	1	0.00005156
થી	૬	1	0.00005156
થી	૮	1	0.00005156
દબાણના	ડ્રોપની	1	0.00005156
દરમિયાન	...	1	0.00005156
દરમિયાન	ઈન્દોરના	1	0.00005156
દરોમાં	પરિણમી	1	0.00005156
દર્દીઓમાં	આ	1	0.00005156
દર્શાવવામાં	આવે	1	0.00005156
દર્શાવી	અન્ય	1	0.00005156
દર્શાવેલ	ખરીદીઓનાં	1	0.00005156
દાન	કરવાનું	1	0.00005156
દારૃ	સપ્લાઈ	1	0.00005156
દારૃનો	મોટાપાયે	1	0.00005156
દિલીપ	અને	1	0.00005156
દિવસ	પહેલા	1	0.00005156
દિવસ	વિતાવવો	1	0.00005156
દીઠ	23.	1	0.00005156
દુકાન	બંધ	1	0.00005156
દેખાવા	લાગે	1	0.00005156
દેડીયાપાડા	પોલીસ	1	0.00005156
દેવી	યોગ્ય	1	0.00005156
દેશના	ઝડપથી	1	0.00005156
દ્રશ્ય	તપાસકર્તાઓ	1	0.00005156
દ્રષ્ટિ	વ્યાપક	1	0.00005156
દ્વારા	પ્રથમ	1	0.00005156
દ્વારા	બંધનુ	1	0.00005156
દ્વારા	બાતમીદારોનો	1	0.00005156
દ્વારા	મોટાપાયે	1	0.00005156
ધન	ખરીદવાનું	1	0.00005156
ધનતેરસ	વિશે	1	0.00005156
ધરાવતા	તરુણો	1	0.00005156
ધારાસભ્ય	પી	1	0.00005156
ધુસી	જતા	1	0.00005156
ધ્યાનમાં	રાખીને	1	0.00005156
નજીક	ગાડી	1	0.00005156
નજીક	વેગનઆર	1	0.00005156
નડિયાદ	અને	1	0.00005156
નથી	.	1	0.00005156
નમૂનારૂપ	ઉત્તર	1	0.00005156
નર્મદા	જીલ્લા	1	0.00005156
નર્મદા	જીલ્લાના	1	0.00005156
નર્મદા	ડી	1	0.00005156
નવી	કાર	1	0.00005156
નવી	તકો	1	0.00005156
નવો	અને	1	0.00005156
નહીં	.	1	0.00005156
નહીં	કરી	1	0.00005156
નહીં	કરે	1	0.00005156
ના	પિતાશ્રીનું	1	0.00005156
ના	પી	1	0.00005156
ના	હોવાથી	1	0.00005156
નાગડાવાસ	નજીક	1	0.00005156
નાગાલેન્ડ	અને	1	0.00005156
નાથાલાલ	આશરા	1	0.00005156
નામે	રૂા	1	0.00005156
નિર્ણય	કોરોના	1	0.00005156
નિર્ણયો	સામે	1	0.00005156
નિર્દેશોના	પગલે	1	0.00005156
નિવૃત	જીઇબી	1	0.00005156
નિવેદન	આપે	1	0.00005156
નિષ્ફળતા	ભારે	1	0.00005156
ની	જમીન	1	0.00005156
નું	કામ	1	0.00005156
નુકશાન	પહોંચાડેલ	1	0.00005156
ને	ગુસ્સો	1	0.00005156
ને	૭	1	0.00005156
નેતાઓ	તો	1	0.00005156
નેતાઓને	કરતા	1	0.00005156
નો	ફોલ્ટ	1	0.00005156
નોંધવામાં	આવ્યો	1	0.00005156
પ	નિવૃત	1	0.00005156
પંખીડાએ	આપઘાત	1	0.00005156
પંપનું	જૂથ	1	0.00005156
પકડવા	માટે	1	0.00005156
પક્ષના	પાલિકા	1	0.00005156
પગલે	આ	1	0.00005156
પગલે	આખરે	1	0.00005156
પગાર	.	1	0.00005156
પગાર	55,040	1	0.00005156
પછી	કલ્પેશ	1	0.00005156
પછી	ખેડૂતો	1	0.00005156
પછી	ટેક્સ	1	0.00005156
પછી	સ્ક્રિપ	1	0.00005156
પટેલ	હાજર	1	0.00005156
પટેલ	હોસ્પિટલ	1	0.00005156
પડશે	,	1	0.00005156
પડી	.	1	0.00005156
પણ	અનાવરણ	1	0.00005156
પણ	અપાયુ	1	0.00005156
પણ	ઉપયોગ	1	0.00005156
પણ	તેનાં	1	0.00005156
પણ	વધારો	1	0.00005156
પણ	સમજાવેલું	1	0.00005156
પણ	હું	1	0.00005156
પત્ની	સાથે	1	0.00005156
પત્રિકાના	માધ્યમથી	1	0.00005156
પર	અનલોડ	1	0.00005156
પર	આરોપ	1	0.00005156
પર	ઉઘરાવેલ	1	0.00005156
પર	કોંગ્રેસ	1	0.00005156
પર	હોઈ	1	0.00005156
પરત	કરવાનું	1	0.00005156
પરત	ફર્યા	1	0.00005156
પરથી	લીમડી	1	0.00005156
પરિણમી	શકે	1	0.00005156
પરિણીતાએ	પણ	1	0.00005156
પર્સ	પરત	1	0.00005156
પર્સન	પાસેથી	1	0.00005156
પસંદ	કરો	1	0.00005156
પહેલા	ઢાંઢણી	1	0.00005156
પહેલાં	પહેલાંના	1	0.00005156
પહેલાંના	વીમાનો	1	0.00005156
પહોંચાડેલ	છે	1	0.00005156
પહોંચી	ગયું	1	0.00005156
પહોંચ્યાં	હતાં	1	0.00005156
પાંચ	વર્ષમાં	1	0.00005156
પાછળ	ધુસી	1	0.00005156
પાછા	આવ્યા	1	0.00005156
પાડયો	હતો	1	0.00005156
પાડવામાં	અને	1	0.00005156
પાડવામાં	આવે	1	0.00005156
પાડીશું	.	1	0.00005156
પામી	રહેલા	1	0.00005156
પામેલ	છે	1	0.00005156
પાલનપુર	થઈ	1	0.00005156
પાલિકા	સભ્યોએ	1	0.00005156
પાલિકાના	છેલ્લા	1	0.00005156
પાસે	આવ્યા	1	0.00005156
પાસેથી	દર્શાવેલ	1	0.00005156
પિતાશ્રીનું	તા	1	0.00005156
પી	મનોહરસિહ	1	0.00005156
પી	મહેન્દ્	1	0.00005156
પુખ્ત	વયના	1	0.00005156
પુરાવા	આપવા	1	0.00005156
પુરાવો	જોઈએ	1	0.00005156
પુરું	પાડવામાં	1	0.00005156
પુષ્પ	અર્પણ	1	0.00005156
પૂજન	કરવું	1	0.00005156
પૂરી	થઈ	1	0.00005156
પૂરી	પાડવામાં	1	0.00005156
પેટના	પ્રદેશમાં	1	0.00005156
પેટની	વિસ્તારમાં	1	0.00005156
પેરેન્ટ્સે	આપને	1	0.00005156
પૉલિસી	લખશે	1	0.00005156
પોતાના	આ	1	0.00005156
પોતાની	દુકાન	1	0.00005156
પોતાની	સ્વતંત્રતા	1	0.00005156
પોર્ટ	ટ્રસ્ટ	1	0.00005156
પોલીસ	તેમજ	1	0.00005156
પોલીસ	સ્ટેશનમાં	1	0.00005156
પોલીસની	૩	1	0.00005156
પોલીસે	સ્થાનીક	1	0.00005156
પોેલીસ	દ્વારા	1	0.00005156
પ્રકાર	હીટ	1	0.00005156
પ્રકાશ	પાડીશું	1	0.00005156
પ્રકાશનનો	દિવસ	1	0.00005156
પ્રણવ	મુખરજીએ	1	0.00005156
પ્રતિક્રિયા	આપવામાં	1	0.00005156
પ્રતિબદ્ધ	છીએ	1	0.00005156
પ્રતિમાનું	પણ	1	0.00005156
પ્રતિમાને	પુષ્પ	1	0.00005156
પ્રથમ	પ્રતિક્રિયા	1	0.00005156
પ્રદર્શન	નહીં	1	0.00005156
પ્રદાતાઓ	તમને	1	0.00005156
પ્રદેશમાં	લગભગ	1	0.00005156
પ્રદેશમાં	વજન	1	0.00005156
પ્રસંગે	ગુજરાતના	1	0.00005156
પ્રસન્ન	હતો	1	0.00005156
પ્રાણી	ક્રૂરતાનો	1	0.00005156
પ્રેમી	પંખીડાએ	1	0.00005156
પ્રેમી	સાથે	1	0.00005156
પ્રોવિડન્ટ	ફંડ	1	0.00005156
પ્લેટ	પ્રકાર	1	0.00005156
પ્લેટ	હીટ	1	0.00005156
ફંડ	અને	1	0.00005156
ફરાર	થઇ	1	0.00005156
ફરી	વખત	1	0.00005156
ફરીથી	જીતીવા	1	0.00005156
ફર્યા	હતા	1	0.00005156
ફિલ્મમાં	કામ	1	0.00005156
ફિલ્મો	લગભગ	1	0.00005156
ફેલો	સ્થાને	1	0.00005156
ફોલ્ટ	વીમા	1	0.00005156
બંધ	કરીને	1	0.00005156
બંધ	છે	1	0.00005156
બંધનુ	એલાન	1	0.00005156
બંને	પ્રેમી	1	0.00005156
બગાડીયાની	સુચના	1	0.00005156
બચ્ચના	ટ્વિટર	1	0.00005156
બદલામાં	,	1	0.00005156
બદલો	લેવા	1	0.00005156
બધી	ફિલ્મો	1	0.00005156
બનાવી	હતી	1	0.00005156
બની	રહ્યો	1	0.00005156
બાતમીદારોનો	પણ	1	0.00005156
બાબતે	એમણે	1	0.00005156
બાળ	કેદીઓને	1	0.00005156
બાળકો	અને	1	0.00005156
બાળકો	બંધ	1	0.00005156
બાળગૃહમાંથી	મુકત	1	0.00005156
બાળગૃહોમાં	લગભગ	1	0.00005156
બિંદુ	આઇટીપી	1	0.00005156
બિચ્છુવાડાથી	શામળાજી	1	0.00005156
બિલીંગના	વ્યવહારો	1	0.00005156
બીજા	લોકોથી	1	0.00005156
બીજી	તરફ	1	0.00005156
બૂટલેગર	સુનિલ	1	0.00005156
બૂટલેગરો	વિદેશી	1	0.00005156
બે	તબક્કા	1	0.00005156
બે	પ્લેટ	1	0.00005156
બે	યુવાન	1	0.00005156
બેગ	લીધો	1	0.00005156
બેસણુ	તા	1	0.00005156
બોગસ	બિલીંગના	1	0.00005156
બોર્ડર	થઈ	1	0.00005156
બ્યુરો	ઓફ	1	0.00005156
ભયને	ધ્યાનમાં	1	0.00005156
ભરપાઈ	કરવા	1	0.00005156
ભરવાડ	તેમજ	1	0.00005156
ભરૂચથી	રાષ્ટ્રપતિ	1	0.00005156
ભાગી	જઈ	1	0.00005156
ભાજપ	સાથે	1	0.00005156
ભાજપના	કાર્યકરોએ	1	0.00005156
ભારે	ચકચાર	1	0.00005156
ભારે	રોષ	1	0.00005156
ભારે	વીમા	1	0.00005156
ભાવ	આપીશ	1	0.00005156
ભીલીસ્તાન	ટાઇગર	1	0.00005156
ભેટ	આપી	1	0.00005156
મંત્રી	જ્યોતિરાદિત્ય	1	0.00005156
મચી	ગઇ	1	0.00005156
મચ્યો	છે	1	0.00005156
મજા	હશે	1	0.00005156
મન	અને	1	0.00005156
મનોહરસિહ	જાડેજાના	1	0.00005156
મર્યાદા	લઇ	1	0.00005156
મળી	રહેશે	1	0.00005156
મળી	શુ	1	0.00005156
મળે	છે	1	0.00005156
મળેલ	હાર	1	0.00005156
મળ્યુ	હતુ	1	0.00005156
મળ્યો	હતો	1	0.00005156
મહત્ત્વ	પણ	1	0.00005156
મહારાષ્ટ્રથી	ઝડપી	1	0.00005156
મહિનામાં	શરૂ	1	0.00005156
મહિલા	વર્ગના	1	0.00005156
મહિલાને	કે	1	0.00005156
મહિસાગર	,	1	0.00005156
મહેન્દ્	બગાડીયાની	1	0.00005156
મહેસાણામાં	રીટા	1	0.00005156
માં	અપરાધ	1	0.00005156
માગણી	...	1	0.00005156
માગતા	હતા	1	0.00005156
માટે	ઉપયોગી	1	0.00005156
માટે	ઊંચા	1	0.00005156
માટે	એક	1	0.00005156
માટે	કરોડો	1	0.00005156
માટે	નિષ્ફળતા	1	0.00005156
માટે	પોેલીસ	1	0.00005156
માટે	પ્રકાશનનો	1	0.00005156
માટે	પ્રતિબદ્ધ	1	0.00005156
માટે	પ્રસન્ન	1	0.00005156
માટે	રચાયેલ	1	0.00005156
માટે	રાહ	1	0.00005156
માટે	વિવાહનો	1	0.00005156
માટે	સમય	1	0.00005156
માટેનો	સરેરાશ	1	0.00005156
માણસ	ખવડાવી	1	0.00005156
માણસ	તેના	1	0.00005156
માણસ	તેની	1	0.00005156
માણસ	સાથે	1	0.00005156
માત્ર	સુપર	1	0.00005156
માધ્યમથી	સત્તાધીશો	1	0.00005156
મામલો	સંસદમાં	1	0.00005156
માર્ગદર્શન	હેઠળ	1	0.00005156
માવાણીએ	ચાર્મી	1	0.00005156
મિલનભાઇ	હરીશભાઇ	1	0.00005156
મિશિગનના	નો	1	0.00005156
મુકત	કરવામાં	1	0.00005156
મુક્ત	કરવાની	1	0.00005156
મુક્ત	કરવામાં	1	0.00005156
મુખરજીએ	હોસ્પિટલની	1	0.00005156
મુજબ	કરવામાં	1	0.00005156
મુદ્દે	ભીલીસ્તાન	1	0.00005156
મુદ્રામાં	તે	1	0.00005156
મુલાકાત	છે	1	0.00005156
મુશ્કેલ	હોતુ	1	0.00005156
મુસાફરી	ભથ્થું	1	0.00005156
મેઘાલયમાં	લોકોના	1	0.00005156
મેદસ્વી	લોકો	1	0.00005156
મેમરી	,	1	0.00005156
મોટાપાયે	જથ્થો	1	0.00005156
મોટાપાયે	દારૃનો	1	0.00005156
મોડલ	સિવાય	1	0.00005156
મોત	આ	1	0.00005156
મોરબીના	નાગડાવાસ	1	0.00005156
મોરારીબાપુએ	ગાંધીજીની	1	0.00005156
યાત્રા	માટે	1	0.00005156
યુઝર્સને	જતા	1	0.00005156
યુનાઇટેડ	સ્ટેટ્સ	1	0.00005156
યુવાન	અને	1	0.00005156
યોગ	બની	1	0.00005156
યોગ્ય	રહેશે	1	0.00005156
યોગ્ય	શબ્દો	1	0.00005156
યોજના	બે	1	0.00005156
યોજના	મુજબ	1	0.00005156
યોજનાકીય	કામની	1	0.00005156
યોનિમાર્ગ	ખેંચે	1	0.00005156
રચાયેલ	છે	1	0.00005156
રપ	ના	1	0.00005156
રબારી	દ્વારા	1	0.00005156
રમુજી	ઉખાણાઓ	1	0.00005156
રર	૩	1	0.00005156
રસપ્રદ	રહેશે	1	0.00005156
રહેતા	હતા	1	0.00005156
રહેલા	રિન્યૂએબલ	1	0.00005156
રહેવા	શરૂ	1	0.00005156
રહેશે	,	1	0.00005156
રહેશે	કે	1	0.00005156
રહ્યા	હતા	1	0.00005156
રહ્યું	,	1	0.00005156
રહ્યો	છે	1	0.00005156
રાખીને	લીધો	1	0.00005156
રાખેલ	છે	1	0.00005156
રાજપીપળા	પાલિકાના	1	0.00005156
રાજસ્થાનના	બિચ્છુવાડાથી	1	0.00005156
રાજ્ય	લઘુતમ	1	0.00005156
રાજ્યના	બાળગૃહોમાં	1	0.00005156
રાજ્યપાલ	ઓપી	1	0.00005156
રાજ્યસભાના	સાંસદ	1	0.00005156
રાજ્યોમાં	મળેલ	1	0.00005156
રાષ્ટ્રપતિ	અંકલેશ્વર	1	0.00005156
રાષ્ટ્રપતિએ	ગાંધીજીની	1	0.00005156
રાહ	જોઈ	1	0.00005156
રાહુલ	ગાંધી	1	0.00005156
રિજેક્શનના	ભયના	1	0.00005156
રિન્યૂએબલ	એનર્જી	1	0.00005156
રિસર્ચ	ઇન્સ્ટિટયૂટ	1	0.00005156
રીટા	અને	1	0.00005156
રીતે	એક	1	0.00005156
રીતે	પૂજન	1	0.00005156
રીતે	રોકશે	1	0.00005156
રૂપિયાની	ગ્રાન્ટ	1	0.00005156
રૃપીયા	ચુકવ્યા	1	0.00005156
રૃપીયાની	તુવેરો	1	0.00005156
રોકશે	,	1	0.00005156
રોજ	અવસાન	1	0.00005156
રોજ	સાંજે	1	0.00005156
રોજગારીની	તક	1	0.00005156
રોજગારીની	નવી	1	0.00005156
રોષ	ને	1	0.00005156
લઇ	જવાની	1	0.00005156
લઇ	શકે	1	0.00005156
લઈને	ચિંતા	1	0.00005156
લખશે	તે	1	0.00005156
લખી	ન	1	0.00005156
લગભગ	30,000	1	0.00005156
લગભગ	359	1	0.00005156
લગભગ	પૂરી	1	0.00005156
લઘુતમ	મર્યાદા	1	0.00005156
લાઇસન્સવાળા	ડ્રાઇવરોને	1	0.00005156
લાખ	રોજગારીની	1	0.00005156
લાગણી	ઉત્પન્ન	1	0.00005156
લિધો	છે	1	0.00005156
લીધો	,	1	0.00005156
લીધો	છે	1	0.00005156
લીમડી	તેમજ	1	0.00005156
લેતાં	હાલ	1	0.00005156
લેનારા	80	1	0.00005156
લેબર	સ્ટેટિસ્ટિક્સ	1	0.00005156
લેવા	માગતા	1	0.00005156
લોકપ્રિય	કીફિર	1	0.00005156
લોકાર્પણ	કર્યું	1	0.00005156
લોકો	પેટની	1	0.00005156
લોકો	માટે	1	0.00005156
લોકો	સ્મિત	1	0.00005156
લોકોથી	ક્યારેય	1	0.00005156
લોકોના	જનાદેશનો	1	0.00005156
લોકોનો	વિશ્વાસ	1	0.00005156
લોડ	માટે	1	0.00005156
વખત	.	1	0.00005156
વખત	સાંભળો	1	0.00005156
વગર	પોતાની	1	0.00005156
વચન	આપ્યું	1	0.00005156
વચ્ચેનો	પગાર	1	0.00005156
વજન	આગળ	1	0.00005156
વજન	ઘટાડવા	1	0.00005156
વજન	લઇ	1	0.00005156
વડોદરા	શહેર	1	0.00005156
વધારવા	બાબતે	1	0.00005156
વધારવાની	જરૂર	1	0.00005156
વધારે	થશે	1	0.00005156
વધારો	થવાનો	1	0.00005156
વધુ	મજા	1	0.00005156
વધુ	લોકપ્રિય	1	0.00005156
વધુ	સારો	1	0.00005156
વયના	લોકો	1	0.00005156
વર્ગના	સપોર્ટથી	1	0.00005156
વર્લ્ડ	રિસર્ચ	1	0.00005156
વર્ષ	સુધીની	1	0.00005156
વર્ષના	યોજનાકીય	1	0.00005156
વર્ષમાં	૨૦૨૨	1	0.00005156
વર્ષે	અમેરિકામાં	1	0.00005156
વલણ	ધરાવતા	1	0.00005156
વલણ	વ્યક્ત	1	0.00005156
વસાવા	તમારા	1	0.00005156
વસ્તુઓ	પરત	1	0.00005156
વા	લેનારા	1	0.00005156
વાતને	લઈને	1	0.00005156
વાતો	ફરી	1	0.00005156
વાય	એસ	1	0.00005156
વાયરસના	ભયને	1	0.00005156
વિકલ્પ	પસંદ	1	0.00005156
વિકલ્પરૂપે	આ	1	0.00005156
વિકાસના	કામો	1	0.00005156
વિતાવવો	ઉપયોગી	1	0.00005156
વિદેશી	દારૃનો	1	0.00005156
વિનોદ	,	1	0.00005156
વિપક્ષના	સરકાર	1	0.00005156
વિરસિંહને	ત્યાં	1	0.00005156
વિવાહનો	શુભ	1	0.00005156
વિશે	ઘણીબધી	1	0.00005156
વિશે	પ્રકાશ	1	0.00005156
વિશ્વના	દ્રષ્ટિ	1	0.00005156
વિશ્વાસ	ફરીથી	1	0.00005156
વિસ્તારના	ગરીબ	1	0.00005156
વિસ્તારમાં	તેમના	1	0.00005156
વીણાએ	કહ્યુ	1	0.00005156
વીમા	કાયદાઓએ	1	0.00005156
વીમા	દરોમાં	1	0.00005156
વીમા	પૉલિસી	1	0.00005156
વીમા	પ્રદાતાઓ	1	0.00005156
વીમાનો	પુરાવો	1	0.00005156
વૃદ્ધ	મહિલાને	1	0.00005156
વૃદ્ધિ	પામી	1	0.00005156
વેગનઆર	કારમાં	1	0.00005156
વેચાણો	પર	1	0.00005156
વેધક	સવાલો	1	0.00005156
વેપારીઓને	રૂા	1	0.00005156
વેરા	વધારવા	1	0.00005156
વેરાકીય	આવકને	1	0.00005156
વેરાવળ	હરસુખલાલ	1	0.00005156
વેરાશાખ	તબદીલ	1	0.00005156
વેરો	સરકારમાં	1	0.00005156
વૈશ્વિક	સંશોધન	1	0.00005156
વોટર	સપ્લાયરની	1	0.00005156
વ્યક્ત	કરી	1	0.00005156
વ્યક્તિગત	ઉષ્ણતા	1	0.00005156
વ્યવહારો	દર્શાવી	1	0.00005156
વ્યસ્ત	છે	1	0.00005156
વ્યાપક	તાલીમ	1	0.00005156
વ્યાપક	સર્મથન	1	0.00005156
શકે	.	1	0.00005156
શક્યત	જૂન	1	0.00005156
શક્યતા	છે	1	0.00005156
શબ્દો	,	1	0.00005156
શરૂ	થશે	1	0.00005156
શહેર	જિલ્લામાં	1	0.00005156
શહેર	ભથ્થું	1	0.00005156
શહેરમાં	ભારે	1	0.00005156
શામળાજી	બોર્ડર	1	0.00005156
શાસ્ત્રોમાં	ધનતેરસ	1	0.00005156
શીખ્યા	સાથે	1	0.00005156
શુ	ગુટર	1	0.00005156
શુ	પડી	1	0.00005156
શું	અમિતાભ	1	0.00005156
શુભ	ના	1	0.00005156
શુભ	યોગ	1	0.00005156
સંકેત	સામે	1	0.00005156
સંપત્તિ	પાછા	1	0.00005156
સંબંધિત	છે	1	0.00005156
સંમત	,	1	0.00005156
સંશોધન	સંસ્થા	1	0.00005156
સંસદમાં	ઉઠ્યો	1	0.00005156
સંસ્થા	વર્લ્ડ	1	0.00005156
સગર્ભા	સ્ત્રીઓ	1	0.00005156
સગર્ભાવસ્થામાં	ઠંડીથી	1	0.00005156
સજા	કરવામાં	1	0.00005156
સજ્જન	તેમને	1	0.00005156
સજ્જન	શીખ્યા	1	0.00005156
સત્તાધીશો	અને	1	0.00005156
સત્ય	દર્શાવવામાં	1	0.00005156
સદ્ગતનું	ટેલીફોનીક	1	0.00005156
સપોર્ટથી	સ્થિતિ	1	0.00005156
સપ્લાઈ	થાય	1	0.00005156
સપ્લાયરની	યોજના	1	0.00005156
સભ્યોએ	ભાજપ	1	0.00005156
સમગ્ર	શહેરમાં	1	0.00005156
સમજશક્તિ	,	1	0.00005156
સમજાવેલું	છે	1	0.00005156
સમય	શુભ	1	0.00005156
સમયમાં	તઘલખી	1	0.00005156
સમૃદ્ધ	હતા	1	0.00005156
સરકાર	પર	1	0.00005156
સરકાર	વિકાસના	1	0.00005156
સરકારની	વેરાકીય	1	0.00005156
સરકારમાં	જમા	1	0.00005156
સરદાર	પટેલ	1	0.00005156
સરેરાશ	પગાર	1	0.00005156
સર્જાવાની	શક્યતા	1	0.00005156
સર્મથન	મળ્યુ	1	0.00005156
સવાલો	પત્રિકાના	1	0.00005156
સહીત	અનેક	1	0.00005156
સાંચોર	તેમજ	1	0.00005156
સાંજે	ચા	1	0.00005156
સાંજે	૪	1	0.00005156
સાંભળો	છો	1	0.00005156
સાંસદ	અહેમદ	1	0.00005156
સાગબારા	વિસ્તારના	1	0.00005156
સાચી	હકીકત	1	0.00005156
સાથે	ઘર	1	0.00005156
સાથે	પાસે	1	0.00005156
સાથે	ભાગી	1	0.00005156
સાથે	મળી	1	0.00005156
સાથે	રહેવા	1	0.00005156
સાથે	વધુ	1	0.00005156
સાથે	સ્વતંત્ર	1	0.00005156
સાથે	હરાવ્યું	1	0.00005156
સામે	જનતાએ	1	0.00005156
સામે	ટ્વિટર	1	0.00005156
સારવાર	.	1	0.00005156
સારા	જૂના	1	0.00005156
સારી	રીતે	1	0.00005156
સારું	પ્રદર્શન	1	0.00005156
સારું	બદલો	1	0.00005156
સારો	ભાવ	1	0.00005156
સારો	હતો	1	0.00005156
સિંધિયાની	જન	1	0.00005156
સિન્ડ્રોમ	જોવા	1	0.00005156
સિવાય	જે	1	0.00005156
સિસ્ટમ	માટે	1	0.00005156
સીરિઝમાં	સત્ય	1	0.00005156
સુખદ	રહેશે	1	0.00005156
સુચના	અને	1	0.00005156
સુધી	આવ્યા	1	0.00005156
સુધી	તેઓ	1	0.00005156
સુધીની	સજા	1	0.00005156
સુધીમાં	૩.	1	0.00005156
સુનાવણી	,	1	0.00005156
સુનિલ	,	1	0.00005156
સુપર	મોડલ	1	0.00005156
સુભાષ	અગ્રવાલે	1	0.00005156
સેના	દ્વારા	1	0.00005156
સૌથી	વધુ	1	0.00005156
સ્ક્રિપ	થી	1	0.00005156
સ્ટેટિસ્ટિક્સ	અનુસાર	1	0.00005156
સ્ટેટ્સ	બ્યુરો	1	0.00005156
સ્ટેશનમાં	પ્રાણી	1	0.00005156
સ્ત્રીઓ	અને	1	0.00005156
સ્થાનીક	દેડીયાપાડા	1	0.00005156
સ્થાને	પહોંચી	1	0.00005156
સ્થાપિત	થયેલ	1	0.00005156
સ્થિતિ	સુખદ	1	0.00005156
સ્મિત	આપીને	1	0.00005156
સ્વતંત્ર	,	1	0.00005156
સ્વતંત્ર	યોજના	1	0.00005156
સ્વતંત્રતા	લખી	1	0.00005156
સ્વવેન	માટે	1	0.00005156
સ્વવેના	મુદ્રામાં	1	0.00005156
સ્વાગત	કરીએ	1	0.00005156
હકીકત	જણાશે	1	0.00005156
હતા	અને	1	0.00005156
હતાં	જ્યાં	1	0.00005156
હતી	અને	1	0.00005156
હતી	કે	1	0.00005156
હતી	ને	1	0.00005156
હતુ	,	1	0.00005156
હતુ	.	1	0.00005156
હતું	જ્યારે	1	0.00005156
હતો	,	1	0.00005156
હતો	જેના	1	0.00005156
હતો	ને	1	0.00005156
હરસુખલાલ	નાથાલાલ	1	0.00005156
હરાવ્યું	અટકે	1	0.00005156
હરાવ્યું	શરૂ	1	0.00005156
હરાવ્યું	સુધી	1	0.00005156
હરીશભાઇ	માવાણીએ	1	0.00005156
હશે	.	1	0.00005156
હાઈકોર્ટના	નિર્દેશોના	1	0.00005156
હાજર	રહ્યા	1	0.00005156
હાર	પર	1	0.00005156
હાર્ટ	ઇન્સ્ટીટયૂટનું	1	0.00005156
હાલ	સમગ્ર	1	0.00005156
હાલોલ	,	1	0.00005156
હિંમતનગર	,	1	0.00005156
હીટ	એક્સચેન્જો	1	0.00005156
હીટ	એક્સ્ચેન્જર	1	0.00005156
હીટિંગ	સિસ્ટમ	1	0.00005156
હીરેશનભાઇ	,	1	0.00005156
હું	ઇચ્છતી	1	0.00005156
હેઠળ	પોલીસની	1	0.00005156
હોઈ	શકે	1	0.00005156
હોટ	વોટર	1	0.00005156
હોતુ	હતું	1	0.00005156
હોય	છે	1	0.00005156
હોવાથી	ટાળી	1	0.00005156
હોસ્પિટલ	એન્ડ	1	0.00005156
હોસ્પિટલની	તકતીનું	1	0.00005156
હોસ્પિટલનું	અવલોકન	1	0.00005156
૧.	૯૭	1	0.00005156
૧૦.	૪૨	1	0.00005156
૧૫.	૬૦	1	0.00005156
૨૦૨૨	સુધીમાં	1	0.00005156
૩	જેટલી	1	0.00005156
૩	ના	1	0.00005156
૩.	૩૦	1	0.00005156
૩૦	લાખ	1	0.00005156
૪	થી	1	0.00005156
૪૨	કરોડની	1	0.00005156
૪૫	કરોડની	1	0.00005156
૬	રાખેલ	1	0.00005156
૬૦	કરોડના	1	0.00005156
૭	થી	1	0.00005156
૭	પ	1	0.00005156
૮	કરોડ	1	0.00005156
૮.	૪૫	1	0.00005156
૯૭	કરોડોનો	1	0.00005156
