w1	w2	w3	w4	count	gt_prob
.	સી	.	બી	2	0.00138313
આ	આરોપી	ને	ઝડપી	2	0.00138313
આરોપી	ને	ઝડપી	પાડવા	2	0.00138313
એલ	.	સી	.	2	0.00138313
ને	ઝડપી	પાડવા	માટે	2	0.00138313
ભયના	કારણે	તેમની	અંદર	2	0.00138313
સી	.	બી	.	2	0.00138313
!	કોઈ	કંપની	તેઓ	1	0.00000676
!	નર્મદા	જીલ્લાના	ડેડીયાપાડા	1	0.00000676
,	2008	માં	અપરાધ	1	0.00000676
,	અઠવાડિયામાં	એક	વખત	1	0.00000676
,	અથવા	કલાક	દીઠ	1	0.00000676
,	અને	બે	યુવાન	1	0.00000676
,	અને	વજન	ઘટાડવા	1	0.00000676
,	અને	શું	અમિતાભ	1	0.00000676
,	અમને	આસપાસ	મન	1	0.00000676
,	આણંદ	,	નડિયાદ	1	0.00000676
,	ઉદાહરણ	તરીકે	,	1	0.00000676
,	એ	જોવું	રસપ્રદ	1	0.00000676
,	એમ	અમેરિકાની	વૈશ્વિક	1	0.00000676
,	ગાંધીનગર	અને	અમદાવાદમાં	1	0.00000676
,	ગોધરા	,	આણંદ	1	0.00000676
,	ચેતનભાઇ	ના	પિતાશ્રીનું	1	0.00000676
,	ચોરી	વસ્તુઓ	પરત	1	0.00000676
,	જણાવ્યું	હતું	કે	1	0.00000676
,	જૂના	માણસ	તેના	1	0.00000676
,	જે	100	લોડ	1	0.00000676
,	જ્યાંથી	અમદાવાદ	તેમજ	1	0.00000676
,	તેઓ	તેને	સારવાર	1	0.00000676
,	તેને	જોવા	માટે	1	0.00000676
,	તેમણે	તે	સારું	1	0.00000676
,	તેમણે	વચન	આપ્યું	1	0.00000676
,	તેમાં	એ	બીજા	1	0.00000676
,	ત્યારે	બીજી	તરફ	1	0.00000676
,	ત્રિપુરા	,	નાગાલેન્ડ	1	0.00000676
,	દિલીપ	અને	રબારી	1	0.00000676
,	નડિયાદ	અને	વડોદરા	1	0.00000676
,	નાગાલેન્ડ	અને	મેઘાલયમાં	1	0.00000676
,	નેતાઓ	તો	તમાશો	1	0.00000676
,	પંપનું	જૂથ	સ્થાપિત	1	0.00000676
,	પ્રોવિડન્ટ	ફંડ	અને	1	0.00000676
,	પ્લેટ	હીટ	એક્સ્ચેન્જર	1	0.00000676
,	બે	તબક્કા	છે	1	0.00000676
,	માત્ર	સુપર	મોડલ	1	0.00000676
,	મિલનભાઇ	હરીશભાઇ	માવાણીએ	1	0.00000676
,	વિનોદ	,	દિલીપ	1	0.00000676
,	વિપક્ષના	સરકાર	પર	1	0.00000676
,	વેરા	વધારવા	બાબતે	1	0.00000676
,	વ્યક્તિગત	ઉષ્ણતા	બિંદુ	1	0.00000676
,	શહેર	ભથ્થું	,	1	0.00000676
,	સગર્ભા	સ્ત્રીઓ	અને	1	0.00000676
,	સમજશક્તિ	,	અમને	1	0.00000676
,	સાંજે	ચા	અને	1	0.00000676
,	હાલોલ	,	ગોધરા	1	0.00000676
.	અઠવાડિયાના	અંતે	કોઈ	1	0.00000676
.	અવાજ	સુનાવણી	,	1	0.00000676
.	અહીંયાં	આપણે	કઈ	1	0.00000676
.	આ	અઠવાડિયે	ખર્ચો	1	0.00000676
.	આ	આંકડો	માટે	1	0.00000676
.	આ	ઉદ્ઘાટન	પ્રસંગે	1	0.00000676
.	આ	કિસ્સામાં	,	1	0.00000676
.	આ	કેદીઓને	ત્રણ	1	0.00000676
.	આ	ઠેકાઓ	પરથી	1	0.00000676
.	આઇ	એચ	જી	1	0.00000676
.	આબુથી	આવતો	દારૃનો	1	0.00000676
.	આમ	આ	ભયના	1	0.00000676
.	આરોપી	કલ્પેશ	અગ્રવાલને	1	0.00000676
.	આવા	કપરા	સમયમાં	1	0.00000676
.	ઉખાણાઓ	બાળકો	અને	1	0.00000676
.	એલ	.	સી	1	0.00000676
.	એસ	.	આઇ	1	0.00000676
.	એસ	.	પી	1	0.00000676
.	કર્ક	મહિલા	વર્ગના	1	0.00000676
.	કાગદડી	નજીક	વેગનઆર	1	0.00000676
.	કાર	વીમા	પ્રદાતાઓ	1	0.00000676
.	કારણ	કે	પેટના	1	0.00000676
.	કેટલાક	જાતકો	માટે	1	0.00000676
.	કેન્દ્રીય	કર્મચારીઓને	ડીએની	1	0.00000676
.	કેન્દ્રીય	મંત્રી	જ્યોતિરાદિત્ય	1	0.00000676
.	કોર્ટે	આ	નિર્ણય	1	0.00000676
.	ખાસ	કરીને	ગામડાના	1	0.00000676
.	ખુબજ	મુશ્કેલ	હોતુ	1	0.00000676
.	ગાર્ગી	કૉલેજમાં	છેડતીનો	1	0.00000676
.	ગ્રો	અને	લોકો	1	0.00000676
.	જૂના	માણસ	તેની	1	0.00000676
.	જેને	પગલે	આખરે	1	0.00000676
.	જેને	વ્યાપક	સર્મથન	1	0.00000676
.	જોકે	,	એ	1	0.00000676
.	જ્યારે	મોરારીબાપુએ	ગાંધીજીની	1	0.00000676
.	ડી	.	વસાવા	1	0.00000676
.	તમારા	માટે	એક	1	0.00000676
.	તે	જ	વર્ષે	1	0.00000676
.	તેઓ	મેમરી	,	1	0.00000676
.	તેના	બેગ	લીધો	1	0.00000676
.	તેમજ	ત્રણ	દિવસ	1	0.00000676
.	તેમણે	કહ્યું	કે	1	0.00000676
.	તેમણે	કુલ	રૂા	1	0.00000676
.	તેમણે	તેમને	મુલાકાત	1	0.00000676
.	ત્યાં	તેને	માટે	1	0.00000676
.	ત્યારબાદ	હોસ્પિટલનું	અવલોકન	1	0.00000676
.	દબાણના	ડ્રોપની	ભરપાઈ	1	0.00000676
.	દેશના	ઝડપથી	વૃદ્ધિ	1	0.00000676
.	ધન	ખરીદવાનું	અને	1	0.00000676
.	ધારાસભ્ય	પી	.	1	0.00000676
.	નમૂનારૂપ	ઉત્તર	આમ	1	0.00000676
.	ના	પી	.	1	0.00000676
.	પછી	ખેડૂતો	ઉમળકાભેર	1	0.00000676
.	પછી	સ્ક્રિપ	થી	1	0.00000676
.	પણ	હું	ઇચ્છતી	1	0.00000676
.	પી	મહેન્દ્	બગાડીયાની	1	0.00000676
.	પુરાવા	આપવા	માટે	1	0.00000676
.	પુરું	પાડવામાં	અને	1	0.00000676
.	પ્રણવ	મુખરજીએ	હોસ્પિટલની	1	0.00000676
.	બદલામાં	,	તેમણે	1	0.00000676
.	બાળ	કેદીઓને	મુક્ત	1	0.00000676
.	બી	.	આ	1	0.00000676
.	બી	.	ના	1	0.00000676
.	ભાજપના	કાર્યકરોએ	જન	1	0.00000676
.	મિશિગનના	નો	ફોલ્ટ	1	0.00000676
.	મોરબીના	નાગડાવાસ	નજીક	1	0.00000676
.	યાત્રા	માટે	સમય	1	0.00000676
.	યુનાઇટેડ	સ્ટેટ્સ	બ્યુરો	1	0.00000676
.	રપ	ના	રોજ	1	0.00000676
.	રર	૩	ના	1	0.00000676
.	રાજપીપળા	પાલિકાના	છેલ્લા	1	0.00000676
.	રાજસ્થાનના	બિચ્છુવાડાથી	શામળાજી	1	0.00000676
.	રાજ્યના	બાળગૃહોમાં	લગભગ	1	0.00000676
.	રાષ્ટ્રપતિએ	ગાંધીજીની	પ્રતિમાનું	1	0.00000676
.	રિજેક્શનના	ભયના	કારણે	1	0.00000676
.	વલણ	ધરાવતા	તરુણો	1	0.00000676
.	વસાવા	તમારા	પક્ષના	1	0.00000676
.	વા	લેનારા	80	1	0.00000676
.	વીણાએ	કહ્યુ	હતું	1	0.00000676
.	સંમત	,	ચોરી	1	0.00000676
.	સગર્ભાવસ્થામાં	ઠંડીથી	ઇન્હેલેશન	1	0.00000676
.	સજ્જન	તેમને	જણાવ્યું	1	0.00000676
.	સદ્ગતનું	ટેલીફોનીક	બેસણુ	1	0.00000676
.	સરકાર	વિકાસના	કામો	1	0.00000676
.	સહીત	અનેક	વેધક	1	0.00000676
.	સૌથી	વધુ	લોકપ્રિય	1	0.00000676
.	હાઈકોર્ટના	નિર્દેશોના	પગલે	1	0.00000676
.	હીટિંગ	સિસ્ટમ	માટે	1	0.00000676
.	હોટ	વોટર	સપ્લાયરની	1	0.00000676
.	૧.	૯૭	કરોડોનો	1	0.00000676
.	૧૦.	૪૨	કરોડની	1	0.00000676
.	૧૫.	૬૦	કરોડના	1	0.00000676
.	૭	પ	નિવૃત	1	0.00000676
.	૮.	૪૫	કરોડની	1	0.00000676
...	આપણાં	શાસ્ત્રોમાં	ધનતેરસ	1	0.00000676
...	ઉત્તર	પ્રદેશમાં	લગભગ	1	0.00000676
10	વર્ષના	યોજનાકીય	કામની	1	0.00000676
100	લોડ	માટે	રચાયેલ	1	0.00000676
2008	માં	અપરાધ	દ્રશ્ય	1	0.00000676
23.	97	ડોલર	હતો	1	0.00000676
3	ડી	ફિલ્મમાં	કામ	1	0.00000676
30,000	બાળકો	બંધ	છે	1	0.00000676
32,000	થી	83,000	ડોલરની	1	0.00000676
359	.	બાળ	કેદીઓને	1	0.00000676
55,040	હતો	,	અથવા	1	0.00000676
80	દર્દીઓમાં	આ	સિન્ડ્રોમ	1	0.00000676
83,000	ડોલરની	વચ્ચેનો	પગાર	1	0.00000676
97	ડોલર	હતો	.	1	0.00000676
?	.	આવા	કપરા	1	0.00000676
અંકલેશ્વર	આવી	પહોંચ્યાં	હતાં	1	0.00000676
અંતે	કોઈ	વાતને	લઈને	1	0.00000676
અંદર	આત્મવિશ્વાસનો	અભાવ	દેખાવા	1	0.00000676
અંદર	એવી	લાગણી	ઉત્પન્ન	1	0.00000676
અગવડતાને	કારણે	નહીં	કરે	1	0.00000676
અગ્રવાલને	પકડવા	માટે	નર્મદા	1	0.00000676
અગ્રવાલે	ખેડુતોને	રૃપીયા	ચુકવ્યા	1	0.00000676
અટકે	કરશે	.	સંમત	1	0.00000676
અઠવાડિયાના	અંતે	કોઈ	વાતને	1	0.00000676
અઠવાડિયામાં	એક	વખત	.	1	0.00000676
અઠવાડિયે	ખર્ચો	વધારે	થશે	1	0.00000676
અથવા	કલાક	દીઠ	23.	1	0.00000676
અધ્યક્ષ	રાહુલ	ગાંધી	દ્વારા	1	0.00000676
અનરજીસ્ટર્ડ	પર્સન	પાસેથી	દર્શાવેલ	1	0.00000676
અનલોડ	છે	.	આ	1	0.00000676
અનાવરણ	કર્યું	તહું	.	1	0.00000676
અનાવરણ	કર્યું	હતું	.	1	0.00000676
અનુભવ	નવો	અને	સારો	1	0.00000676
અનુસાર	,	2008	માં	1	0.00000676
અને	અમદાવાદમાં	બૂટલેગર	સુનિલ	1	0.00000676
અને	આ	ક્ષેત્રના	લોકોનો	1	0.00000676
અને	એસ્ટેટ	આપી	ન	1	0.00000676
અને	કહ્યું	જાદુ	અને	1	0.00000676
અને	ખૂબ	જ	મેદસ્વી	1	0.00000676
અને	ગ્રેચ્યુઇટીમાં	પણ	વધારો	1	0.00000676
અને	જૂના	માણસ	ખવડાવી	1	0.00000676
અને	ડી	વાય	એસ	1	0.00000676
અને	તેઓ	એટલી	સારી	1	0.00000676
અને	તેની	પત્ની	સાથે	1	0.00000676
અને	તેને	હરાવ્યું	સુધી	1	0.00000676
અને	દાન	કરવાનું	મહત્ત્વ	1	0.00000676
અને	નેતાઓને	કરતા	ખળભળાટ	1	0.00000676
અને	પર્સ	પરત	કરવાનું	1	0.00000676
અને	પુખ્ત	વયના	લોકો	1	0.00000676
અને	બે	યુવાન	અને	1	0.00000676
અને	મેઘાલયમાં	લોકોના	જનાદેશનો	1	0.00000676
અને	રબારી	દ્વારા	મોટાપાયે	1	0.00000676
અને	રમુજી	ઉખાણાઓ	એક	1	0.00000676
અને	રાજ્યસભાના	સાંસદ	અહેમદ	1	0.00000676
અને	લોકો	સ્મિત	આપીને	1	0.00000676
અને	વજન	ઘટાડવા	માટે	1	0.00000676
અને	વડોદરા	શહેર	જિલ્લામાં	1	0.00000676
અને	વિરસિંહને	ત્યાં	ઉતારવામાં	1	0.00000676
અને	વિશ્વના	દ્રષ્ટિ	વ્યાપક	1	0.00000676
અને	શું	અમિતાભ	બચ્ચના	1	0.00000676
અને	સમૃદ્ધ	હતા	.	1	0.00000676
અને	સારો	હતો	.	1	0.00000676
અનેક	વેધક	સવાલો	પત્રિકાના	1	0.00000676
અન્ય	વેપારીઓને	રૂા	.	1	0.00000676
અપરાધ	દ્રશ્ય	તપાસકર્તાઓ	માટેનો	1	0.00000676
અપાયુ	હતુ	.	જેને	1	0.00000676
અભાવ	દેખાવા	લાગે	છે	1	0.00000676
અભિપ્રાય	લિધો	છે	?	1	0.00000676
અમદાવાદ	તેમજ	ઉત્તર	ગુજરાતમાં	1	0.00000676
અમદાવાદમાં	બૂટલેગર	સુનિલ	,	1	0.00000676
અમને	આસપાસ	મન	અને	1	0.00000676
અમિતાભ	બચ્ચના	ટ્વિટર	છોડવાના	1	0.00000676
અમેરિકાની	વૈશ્વિક	સંશોધન	સંસ્થા	1	0.00000676
અમેરિકામાં	32,000	થી	83,000	1	0.00000676
અર્પણ	કર્યા	હતા	.	1	0.00000676
અલગ	અલગ	ટીમો	બનાવી	1	0.00000676
અલગ	ટીમો	બનાવી	હતી	1	0.00000676
અવલોકન	કર્યું	હતું	.	1	0.00000676
અવસાન	પામેલ	છે	.	1	0.00000676
અવાજ	સુનાવણી	,	જૂના	1	0.00000676
અવાઝ	ઉઠાવવો	પડશે	,	1	0.00000676
અહીંયાં	આપણે	કઈ	રીતે	1	0.00000676
અહેમદ	પટેલ	હાજર	રહ્યા	1	0.00000676
આ	અઠવાડિયે	ખર્ચો	વધારે	1	0.00000676
આ	આંકડો	માટે	,	1	0.00000676
આ	આરોપીને	મહારાષ્ટ્રથી	ઝડપી	1	0.00000676
આ	ઉદ્ઘાટન	પ્રસંગે	ગુજરાતના	1	0.00000676
આ	કિસ્સામાં	,	વ્યક્તિગત	1	0.00000676
આ	કેદીઓને	ત્રણ	વર્ષ	1	0.00000676
આ	કેદીઓને	બાળગૃહમાંથી	મુકત	1	0.00000676
આ	ક્ષેત્રના	લોકોનો	વિશ્વાસ	1	0.00000676
આ	ક્ષેત્રે	રોજગારીની	તક	1	0.00000676
આ	ખાસ	યુઝર્સને	જતા	1	0.00000676
આ	જાદુઈ	ભેટ	આપી	1	0.00000676
આ	ઠેકાઓ	પરથી	લીમડી	1	0.00000676
આ	નિર્ણય	કોરોના	વાયરસના	1	0.00000676
આ	બધી	ફિલ્મો	લગભગ	1	0.00000676
આ	ભયના	કારણે	તેમની	1	0.00000676
આ	મુદ્દે	ભીલીસ્તાન	ટાઇગર	1	0.00000676
આ	સજ્જન	શીખ્યા	સાથે	1	0.00000676
આ	સારા	જૂના	માણસ	1	0.00000676
આ	સિન્ડ્રોમ	જોવા	મળે	1	0.00000676
આંકડો	માટે	,	અને	1	0.00000676
આઇ	એચ	જી	ભરવાડ	1	0.00000676
આઇટીપી	નું	કામ	એક	1	0.00000676
આખરે	આ	આરોપીને	મહારાષ્ટ્રથી	1	0.00000676
આખરે	ત્રણ	રાજ્યોમાં	મળેલ	1	0.00000676
આગ	ભરૂચથી	રાષ્ટ્રપતિ	અંકલેશ્વર	1	0.00000676
આગળ	યોનિમાર્ગ	ખેંચે	છે	1	0.00000676
આગામી	પાંચ	વર્ષમાં	૨૦૨૨	1	0.00000676
આણંદ	,	નડિયાદ	અને	1	0.00000676
આત્મવિશ્વાસનો	અભાવ	દેખાવા	લાગે	1	0.00000676
આદરી	હતી	.	જેને	1	0.00000676
આદીવાસી	ખેડુતોને	વધુ	સારો	1	0.00000676
આપ	તે	વાતો	ફરી	1	0.00000676
આપઘાત	કરી	લેતાં	હાલ	1	0.00000676
આપણાં	શાસ્ત્રોમાં	ધનતેરસ	વિશે	1	0.00000676
આપણે	કઈ	રીતે	પૂજન	1	0.00000676
આપનાં	પેરેન્ટ્સે	આપને	કહી	1	0.00000676
આપને	કહી	હોય	છે	1	0.00000676
આપવા	માટે	નિષ્ફળતા	ભારે	1	0.00000676
આપવામાં	આવી	છે	.	1	0.00000676
આપી	.	પછી	સ્ક્રિપ	1	0.00000676
આપી	ન	હતી	.	1	0.00000676
આપીને	!	નર્મદા	જીલ્લાના	1	0.00000676
આપીશ	તેમ	કહી	ને	1	0.00000676
આપે	છે	કે	નહીં	1	0.00000676
આપે	છે	તો	પછી	1	0.00000676
આપ્યું	હતું	કે	તેઓ	1	0.00000676
આબુથી	આવતો	દારૃનો	જથ્થો	1	0.00000676
આમ	,	મિલનભાઇ	હરીશભાઇ	1	0.00000676
આમ	આ	ભયના	કારણે	1	0.00000676
આરોપ	આ	સારા	જૂના	1	0.00000676
આરોપી	કલ્પેશ	અગ્રવાલને	પકડવા	1	0.00000676
આરોપીને	મહારાષ્ટ્રથી	ઝડપી	પાડયો	1	0.00000676
આવકને	નુકશાન	પહોંચાડેલ	છે	1	0.00000676
આવતો	દારૃનો	જથ્થો	સાંચોર	1	0.00000676
આવશે	.	આ	કેદીઓને	1	0.00000676
આવશે	.	હાઈકોર્ટના	નિર્દેશોના	1	0.00000676
આવા	કપરા	સમયમાં	તઘલખી	1	0.00000676
આવી	છે	.	તેમણે	1	0.00000676
આવી	છે	.	રાજ્યના	1	0.00000676
આવી	પહોંચ્યાં	હતાં	જ્યાં	1	0.00000676
આવે	.	નમૂનારૂપ	ઉત્તર	1	0.00000676
આવે	છે	,	જે	1	0.00000676
આવે	છે	,	જ્યાંથી	1	0.00000676
આવે	છે	.	હીટિંગ	1	0.00000676
આવેલી	છે	.	ધન	1	0.00000676
આવ્યા	.	ત્યાં	તેને	1	0.00000676
આવ્યા	અને	કહ્યું	જાદુ	1	0.00000676
આવ્યા	અને	તેઓ	એટલી	1	0.00000676
આવ્યો	છે	.	ભાજપના	1	0.00000676
આશરા	ઉ	.	૭	1	0.00000676
આશિર્વાદ	યાત્રા	દરમિયાન	ઈન્દોરના	1	0.00000676
આશીર્વાદ	યાત્રા	દરમિયાન	...	1	0.00000676
આસપાસ	મન	અને	વિશ્વના	1	0.00000676
ઇચ્છતી	હતી	કે	સીરિઝમાં	1	0.00000676
ઇન્ડસ્ટ્રીઝના	નામે	રૂા	.	1	0.00000676
ઇન્સ્ટિટયૂટ	ડબ્લ્યૂઆરઆઇ	એ	જણાવ્યું	1	0.00000676
ઇન્સ્ટીટયૂટનું	લોકાર્પણ	કર્યું	હતું	1	0.00000676
ઇન્હેલેશન	ડીપીટી	કંડલા	પોર્ટ	1	0.00000676
ઈન્દોરના	એક	પોલીસ	સ્ટેશનમાં	1	0.00000676
ઉ	.	૭	પ	1	0.00000676
ઉખાણાઓ	એક	કપ	સાથે	1	0.00000676
ઉખાણાઓ	બાળકો	અને	પુખ્ત	1	0.00000676
ઉઘરાવેલ	રૂા	.	૧.	1	0.00000676
ઉઠાવવો	પડશે	,	નેતાઓ	1	0.00000676
ઉઠ્યો	,	વિપક્ષના	સરકાર	1	0.00000676
ઉતારવામાં	આવે	છે	,	1	0.00000676
ઉત્તર	આમ	,	મિલનભાઇ	1	0.00000676
ઉત્તર	ગુજરાતમાં	દારૃ	સપ્લાઈ	1	0.00000676
ઉત્તર	પ્રદેશમાં	લગભગ	359	1	0.00000676
ઉત્પન્ન	થવા	લાગે	છે	1	0.00000676
ઉદાહરણ	તરીકે	,	અઠવાડિયામાં	1	0.00000676
ઉદ્ઘાટન	પ્રસંગે	ગુજરાતના	રાજ્યપાલ	1	0.00000676
ઉપયોગ	કરાયો	હતો	.	1	0.00000676
ઉપયોગી	છે	,	ઉદાહરણ	1	0.00000676
ઉપયોગી	છે	.	તેઓ	1	0.00000676
ઉપરાંત	મુસાફરી	ભથ્થું	,	1	0.00000676
ઉમળકાભેર	રહેતા	હતા	અને	1	0.00000676
ઉષ્ણતા	બિંદુ	આઇટીપી	નું	1	0.00000676
ઊંચા	જોખમ	પર	હોઈ	1	0.00000676
એ	કાર્ય	કરશે	,	1	0.00000676
એ	જણાવ્યું	છે	.	1	0.00000676
એ	જોવું	રસપ્રદ	રહેશે	1	0.00000676
એ	બીજા	લોકોથી	ક્યારેય	1	0.00000676
એક	કપ	સાથે	વધુ	1	0.00000676
એક	નવી	કાર	વીમા	1	0.00000676
એક	પોલીસ	સ્ટેશનમાં	પ્રાણી	1	0.00000676
એક	વખત	.	તમારા	1	0.00000676
એક	વિકલ્પ	પસંદ	કરો	1	0.00000676
એક	વૃદ્ધ	મહિલાને	કે	1	0.00000676
એક	સંપત્તિ	પાછા	આવ્યા	1	0.00000676
એક	સ્વતંત્ર	યોજના	મુજબ	1	0.00000676
એક	સ્વવેના	મુદ્રામાં	તે	1	0.00000676
એકનું	મોત	આ	બધી	1	0.00000676
એક્સચેન્જો	સાથે	સ્વતંત્ર	,	1	0.00000676
એક્સ્ચેન્જર	પૂરી	પાડવામાં	આવે	1	0.00000676
એચ	જી	ભરવાડ	તેમજ	1	0.00000676
એટલી	સારી	રીતે	એક	1	0.00000676
એનર્જી	ક્ષેત્રમાં	આગામી	પાંચ	1	0.00000676
એન્જીનીયર	તે	હીરેશનભાઇ	,	1	0.00000676
એન્ડ	હાર્ટ	ઇન્સ્ટીટયૂટનું	લોકાર્પણ	1	0.00000676
એમ	અમેરિકાની	વૈશ્વિક	સંશોધન	1	0.00000676
એમણે	તમારો	અભિપ્રાય	લિધો	1	0.00000676
એલાન	પણ	અપાયુ	હતુ	1	0.00000676
એવી	લાગણી	ઉત્પન્ન	થવા	1	0.00000676
એસ	.	આઇ	એચ	1	0.00000676
એસ	.	પી	મહેન્દ્	1	0.00000676
એસ	પી	મનોહરસિહ	જાડેજાના	1	0.00000676
એસ્ટેટ	આપી	ન	હતી	1	0.00000676
ઓપી	કોહલી	અને	રાજ્યસભાના	1	0.00000676
ઓફ	લેબર	સ્ટેટિસ્ટિક્સ	અનુસાર	1	0.00000676
કંડલા	પોર્ટ	ટ્રસ્ટ	ની	1	0.00000676
કંપની	તેઓ	સંબંધિત	છે	1	0.00000676
કઈ	રીતે	પૂજન	કરવું	1	0.00000676
કન્ટેનર	પાછળ	ધુસી	જતા	1	0.00000676
કપ	સાથે	વધુ	મજા	1	0.00000676
કપરા	સમયમાં	તઘલખી	નિર્ણયો	1	0.00000676
કરતા	ખળભળાટ	મચ્યો	છે	1	0.00000676
કરતાં	સ્વવેન	માટે	ઊંચા	1	0.00000676
કરવા	માટે	,	પંપનું	1	0.00000676
કરવાની	માગણી	...	આપણાં	1	0.00000676
કરવાનું	છે	.	બદલામાં	1	0.00000676
કરવાનું	મહત્ત્વ	પણ	સમજાવેલું	1	0.00000676
કરવાનો	અનુભવ	નવો	અને	1	0.00000676
કરવામાં	આવશે	.	આ	1	0.00000676
કરવામાં	આવશે	.	હાઈકોર્ટના	1	0.00000676
કરવામાં	આવી	છે	.	1	0.00000676
કરવામાં	આવે	છે	.	1	0.00000676
કરવામાં	આવેલી	છે	.	1	0.00000676
કરવું	તેના	વિશે	પ્રકાશ	1	0.00000676
કરશે	,	તેમાં	એ	1	0.00000676
કરશે	.	સંમત	,	1	0.00000676
કરાયો	હતો	.	આરોપી	1	0.00000676
કરાવેલ	નથી	.	તેમણે	1	0.00000676
કરી	લેતાં	હાલ	સમગ્ર	1	0.00000676
કરી	શકે	.	આમ	1	0.00000676
કરી	શકે	છે	.	1	0.00000676
કરીએ	છે	અને	આ	1	0.00000676
કરીને	ગામડાના	ગરીબોને	ખેતીના	1	0.00000676
કરીને	ફરાર	થઇ	ગયો	1	0.00000676
કરે	.	સૌથી	વધુ	1	0.00000676
કરે	છે	,	વેરા	1	0.00000676
કરેલ	તથા	અનરજીસ્ટર્ડ	પર્સન	1	0.00000676
કરો	જે	અગવડતાને	કારણે	1	0.00000676
કરોડ	રૃપીયાની	તુવેરો	ખરીદી	1	0.00000676
કરોડના	બોગસ	બિલીંગના	વ્યવહારો	1	0.00000676
કરોડની	વેરાશાખ	તબદીલ	કરેલ	1	0.00000676
કરોડની	સરકારની	વેરાકીય	આવકને	1	0.00000676
કરોડો	રૂપિયાની	ગ્રાન્ટ	આપે	1	0.00000676
કરોડોનો	વેરો	સરકારમાં	જમા	1	0.00000676
કર્ક	મહિલા	વર્ગના	સપોર્ટથી	1	0.00000676
કર્મચારીઓને	ડીએની	ઉપરાંત	મુસાફરી	1	0.00000676
કર્યા	પછી	કલ્પેશ	સુભાષ	1	0.00000676
કર્યા	હતા	.	રિજેક્શનના	1	0.00000676
કર્યું	છે	.	તેમણે	1	0.00000676
કર્યું	તહું	.	ત્યારબાદ	1	0.00000676
કર્યું	હતું	.	અવાજ	1	0.00000676
કર્યું	હતું	.	આ	1	0.00000676
કર્યું	હતું	.	જ્યારે	1	0.00000676
કર્યું	હતું	.	પ્રણવ	1	0.00000676
કલાક	દીઠ	23.	97	1	0.00000676
કલ્પેશ	અગ્રવાલને	પકડવા	માટે	1	0.00000676
કલ્પેશ	સુભાષ	અગ્રવાલે	ખેડુતોને	1	0.00000676
કહી	ને	૭	થી	1	0.00000676
કહી	હોય	છે	.	1	0.00000676
કહ્યુ	હતું	કે	3	1	0.00000676
કહ્યું	કે	,	ત્રિપુરા	1	0.00000676
કહ્યું	જાદુ	અને	પર્સ	1	0.00000676
કાગદડી	નજીક	વેગનઆર	કારમાં	1	0.00000676
કામ	એક	સ્વતંત્ર	યોજના	1	0.00000676
કામ	કરવાનો	અનુભવ	નવો	1	0.00000676
કામની	તટસ્થ	તપાસ	થાય	1	0.00000676
કામો	માટે	કરોડો	રૂપિયાની	1	0.00000676
કાયદાઓએ	તમામ	લાઇસન્સવાળા	ડ્રાઇવરોને	1	0.00000676
કાર	વીમા	પૉલિસી	લખશે	1	0.00000676
કાર	વીમા	પ્રદાતાઓ	તમને	1	0.00000676
કારણ	કે	પેટના	પ્રદેશમાં	1	0.00000676
કારણે	ખેડુતોમા	ભારે	રોષ	1	0.00000676
કારણે	તેમની	અંદર	આત્મવિશ્વાસનો	1	0.00000676
કારણે	તેમની	અંદર	એવી	1	0.00000676
કારણે	નહીં	કરે	.	1	0.00000676
કારમાં	આગ	ભરૂચથી	રાષ્ટ્રપતિ	1	0.00000676
કાર્ય	કરશે	,	તેમાં	1	0.00000676
કાર્યકરોએ	જન	આશીર્વાદ	યાત્રા	1	0.00000676
કિસ્સામાં	,	વ્યક્તિગત	ઉષ્ણતા	1	0.00000676
કીફિર	પર	અનલોડ	છે	1	0.00000676
કુલ	રૂા	.	૧૦.	1	0.00000676
કે	,	ત્રિપુરા	,	1	0.00000676
કે	3	ડી	ફિલ્મમાં	1	0.00000676
કે	આ	જાદુઈ	ભેટ	1	0.00000676
કે	આ	સજ્જન	શીખ્યા	1	0.00000676
કે	ટ્વિટર	પોતાના	આ	1	0.00000676
કે	તેઓ	ગમે	એ	1	0.00000676
કે	તેઓ	હરાવ્યું	અટકે	1	0.00000676
કે	નહીં	.	દેશના	1	0.00000676
કે	પેટના	પ્રદેશમાં	વજન	1	0.00000676
કે	યોગ્ય	શબ્દો	,	1	0.00000676
કે	સીરિઝમાં	સત્ય	દર્શાવવામાં	1	0.00000676
કેટલાક	જાતકો	માટે	વિવાહનો	1	0.00000676
કેદીઓને	ત્રણ	વર્ષ	સુધીની	1	0.00000676
કેદીઓને	બાળગૃહમાંથી	મુકત	કરવામાં	1	0.00000676
કેદીઓને	મુક્ત	કરવામાં	આવશે	1	0.00000676
કેન્દ્રીય	કર્મચારીઓને	ડીએની	ઉપરાંત	1	0.00000676
કેન્દ્રીય	મંત્રી	જ્યોતિરાદિત્ય	સિંધિયાની	1	0.00000676
કેવી	રીતે	રોકશે	,	1	0.00000676
કેસ	નોંધવામાં	આવ્યો	છે	1	0.00000676
કૉલેજમાં	છેડતીનો	મામલો	સંસદમાં	1	0.00000676
કોંગ્રેસ	અધ્યક્ષ	રાહુલ	ગાંધી	1	0.00000676
કોઈ	કંપની	તેઓ	સંબંધિત	1	0.00000676
કોઈ	નિવેદન	આપે	છે	1	0.00000676
કોઈ	વાતને	લઈને	ચિંતા	1	0.00000676
કોરોના	વાયરસના	ભયને	ધ્યાનમાં	1	0.00000676
કોર્ટે	આ	નિર્ણય	કોરોના	1	0.00000676
કોહલી	અને	રાજ્યસભાના	સાંસદ	1	0.00000676
ક્યારેક	આપનાં	પેરેન્ટ્સે	આપને	1	0.00000676
ક્યારેય	સારું	પ્રદર્શન	નહીં	1	0.00000676
ક્રૂરતાનો	કેસ	નોંધવામાં	આવ્યો	1	0.00000676
ક્ષેત્રના	લોકોનો	વિશ્વાસ	ફરીથી	1	0.00000676
ક્ષેત્રમાં	આગામી	પાંચ	વર્ષમાં	1	0.00000676
ક્ષેત્રે	રોજગારીની	તક	મળી	1	0.00000676
ખરીદવાનું	અને	દાન	કરવાનું	1	0.00000676
ખરીદી	કર્યા	પછી	કલ્પેશ	1	0.00000676
ખરીદી	મહિસાગર	,	હાલોલ	1	0.00000676
ખરીદીઓનાં	વેચાણો	પર	ઉઘરાવેલ	1	0.00000676
ખર્ચો	વધારે	થશે	.	1	0.00000676
ખળભળાટ	મચ્યો	છે	.	1	0.00000676
ખવડાવી	,	તેમણે	તે	1	0.00000676
ખાસ	કરીને	ગામડાના	ગરીબોને	1	0.00000676
ખાસ	યુઝર્સને	જતા	કેવી	1	0.00000676
ખુબજ	મુશ્કેલ	હોતુ	હતું	1	0.00000676
ખૂબ	જ	મેદસ્વી	લોકો	1	0.00000676
ખેંચે	છે	,	સગર્ભા	1	0.00000676
ખેડુતોને	રૃપીયા	ચુકવ્યા	વગર	1	0.00000676
ખેડુતોને	વધુ	સારો	ભાવ	1	0.00000676
ખેડુતોમા	ભારે	રોષ	ને	1	0.00000676
ખેડૂતો	ઉમળકાભેર	રહેતા	હતા	1	0.00000676
ખેડૂતો	પોતાની	સ્વતંત્રતા	લખી	1	0.00000676
ખેતીના	વિકલ્પરૂપે	આ	ક્ષેત્રે	1	0.00000676
ગઇ	છે	.	જોકે	1	0.00000676
ગઈ	છે	,	માત્ર	1	0.00000676
ગમે	એ	કાર્ય	કરશે	1	0.00000676
ગયું	અને	તેને	હરાવ્યું	1	0.00000676
ગયો	હતો	જેના	કારણે	1	0.00000676
ગરીબ	આદીવાસી	ખેડુતોને	વધુ	1	0.00000676
ગરીબોને	ખેતીના	વિકલ્પરૂપે	આ	1	0.00000676
ગાંધી	દ્વારા	પ્રથમ	પ્રતિક્રિયા	1	0.00000676
ગાંધીજીની	પ્રતિમાનું	પણ	અનાવરણ	1	0.00000676
ગાંધીજીની	પ્રતિમાને	પુષ્પ	અર્પણ	1	0.00000676
ગાંધીનગર	અને	અમદાવાદમાં	બૂટલેગર	1	0.00000676
ગાડી	કન્ટેનર	પાછળ	ધુસી	1	0.00000676
ગામડાના	ગરીબોને	ખેતીના	વિકલ્પરૂપે	1	0.00000676
ગામની	પરિણીતાએ	પણ	તેનાં	1	0.00000676
ગાર્ગી	કૉલેજમાં	છેડતીનો	મામલો	1	0.00000676
ગુ	કરે	છે	,	1	0.00000676
ગુજરાતના	રાજ્યપાલ	ઓપી	કોહલી	1	0.00000676
ગુજરાતમાં	દારૃ	સપ્લાઈ	થાય	1	0.00000676
ગુટર	ગુ	કરે	છે	1	0.00000676
ગુસ્સો	જોવા	મળ્યો	હતો	1	0.00000676
ગોધરા	,	આણંદ	,	1	0.00000676
ગ્રાન્ટ	આપે	છે	તો	1	0.00000676
ગ્રેચ્યુઇટીમાં	પણ	વધારો	થવાનો	1	0.00000676
ગ્રો	અને	લોકો	સ્મિત	1	0.00000676
ઘટાડવા	માટે	પ્રકાશનનો	દિવસ	1	0.00000676
ઘણા	કરતાં	સ્વવેન	માટે	1	0.00000676
ઘણીબધી	ચર્ચા	કરવામાં	આવેલી	1	0.00000676
ઘર	એક	સંપત્તિ	પાછા	1	0.00000676
ચકચાર	મચી	ગઇ	છે	1	0.00000676
ચર્ચા	કરવામાં	આવેલી	છે	1	0.00000676
ચા	અને	રમુજી	ઉખાણાઓ	1	0.00000676
ચાર્મી	ઇન્ડસ્ટ્રીઝના	નામે	રૂા	1	0.00000676
ચિંતા	થઈ	શકે	છે	1	0.00000676
ચુકવ્યા	વગર	પોતાની	દુકાન	1	0.00000676
ચેતનભાઇ	ના	પિતાશ્રીનું	તા	1	0.00000676
ચોરી	વસ્તુઓ	પરત	ફર્યા	1	0.00000676
છીએ	.	આ	આંકડો	1	0.00000676
છે	,	ઉદાહરણ	તરીકે	1	0.00000676
છે	,	જે	100	1	0.00000676
છે	,	જ્યાંથી	અમદાવાદ	1	0.00000676
છે	,	તેઓ	તેને	1	0.00000676
છે	,	માત્ર	સુપર	1	0.00000676
છે	,	વેરા	વધારવા	1	0.00000676
છે	,	સગર્ભા	સ્ત્રીઓ	1	0.00000676
છે	,	સાંજે	ચા	1	0.00000676
છે	.	અહીંયાં	આપણે	1	0.00000676
છે	.	આ	કિસ્સામાં	1	0.00000676
છે	.	આ	ઠેકાઓ	1	0.00000676
છે	.	આબુથી	આવતો	1	0.00000676
છે	.	કર્ક	મહિલા	1	0.00000676
છે	.	કાગદડી	નજીક	1	0.00000676
છે	.	કાર	વીમા	1	0.00000676
છે	.	કારણ	કે	1	0.00000676
છે	.	કેન્દ્રીય	કર્મચારીઓને	1	0.00000676
છે	.	કેન્દ્રીય	મંત્રી	1	0.00000676
છે	.	કોર્ટે	આ	1	0.00000676
છે	.	ખાસ	કરીને	1	0.00000676
છે	.	ખુબજ	મુશ્કેલ	1	0.00000676
છે	.	ગાર્ગી	કૉલેજમાં	1	0.00000676
છે	.	જોકે	,	1	0.00000676
છે	.	તેઓ	મેમરી	1	0.00000676
છે	.	તેમણે	કહ્યું	1	0.00000676
છે	.	તેમણે	તેમને	1	0.00000676
છે	.	દબાણના	ડ્રોપની	1	0.00000676
છે	.	ધન	ખરીદવાનું	1	0.00000676
છે	.	પણ	હું	1	0.00000676
છે	.	બદલામાં	,	1	0.00000676
છે	.	ભાજપના	કાર્યકરોએ	1	0.00000676
છે	.	મોરબીના	નાગડાવાસ	1	0.00000676
છે	.	યાત્રા	માટે	1	0.00000676
છે	.	યુનાઇટેડ	સ્ટેટ્સ	1	0.00000676
છે	.	રાજપીપળા	પાલિકાના	1	0.00000676
છે	.	રાજસ્થાનના	બિચ્છુવાડાથી	1	0.00000676
છે	.	રાજ્યના	બાળગૃહોમાં	1	0.00000676
છે	.	વલણ	ધરાવતા	1	0.00000676
છે	.	વા	લેનારા	1	0.00000676
છે	.	સદ્ગતનું	ટેલીફોનીક	1	0.00000676
છે	.	સરકાર	વિકાસના	1	0.00000676
છે	.	હીટિંગ	સિસ્ટમ	1	0.00000676
છે	.	હોટ	વોટર	1	0.00000676
છે	?	.	આવા	1	0.00000676
છે	અને	આ	ક્ષેત્રના	1	0.00000676
છે	કે	તેઓ	ગમે	1	0.00000676
છે	કે	નહીં	.	1	0.00000676
છે	ઘણા	કરતાં	સ્વવેન	1	0.00000676
છે	તો	પછી	ટેક્સ	1	0.00000676
છે	વેરાવળ	હરસુખલાલ	નાથાલાલ	1	0.00000676
છેડતીનો	મામલો	સંસદમાં	ઉઠ્યો	1	0.00000676
છેલ્લા	10	વર્ષના	યોજનાકીય	1	0.00000676
છો	જે	ક્યારેક	આપનાં	1	0.00000676
છોડવાના	સંકેત	સામે	ટ્વિટર	1	0.00000676
જ	અવાઝ	ઉઠાવવો	પડશે	1	0.00000676
જ	મેદસ્વી	લોકો	પેટની	1	0.00000676
જ	વર્ષે	અમેરિકામાં	32,000	1	0.00000676
જઈ	બંને	પ્રેમી	પંખીડાએ	1	0.00000676
જણાવ્યું	કે	આ	જાદુઈ	1	0.00000676
જણાવ્યું	છે	.	ગાર્ગી	1	0.00000676
જણાવ્યું	હતું	કે	યોગ્ય	1	0.00000676
જણાશે	.	ધારાસભ્ય	પી	1	0.00000676
જતા	એકનું	મોત	આ	1	0.00000676
જતા	કેવી	રીતે	રોકશે	1	0.00000676
જથ્થો	ખરીદી	મહિસાગર	,	1	0.00000676
જથ્થો	ઠલવાય	છે	.	1	0.00000676
જથ્થો	સાંચોર	તેમજ	પાલનપુર	1	0.00000676
જન	આશિર્વાદ	યાત્રા	દરમિયાન	1	0.00000676
જન	આશીર્વાદ	યાત્રા	દરમિયાન	1	0.00000676
જનતાએ	જ	અવાઝ	ઉઠાવવો	1	0.00000676
જનાદેશનો	સ્વાગત	કરીએ	છે	1	0.00000676
જમા	કરાવેલ	નથી	.	1	0.00000676
જમીન	મુક્ત	કરવાની	માગણી	1	0.00000676
જરૂર	છે	.	કાર	1	0.00000676
જરૂર	શુ	પડી	.	1	0.00000676
જવાની	જરૂર	છે	.	1	0.00000676
જાડેજાના	માર્ગદર્શન	હેઠળ	પોલીસની	1	0.00000676
જાતકો	માટે	વિવાહનો	શુભ	1	0.00000676
જાદુ	અને	પર્સ	પરત	1	0.00000676
જાદુઈ	ભેટ	આપી	.	1	0.00000676
જિલ્લામાં	ઠાલવે	છે	.	1	0.00000676
જી	ભરવાડ	તેમજ	તેમની	1	0.00000676
જીઇબી	એન્જીનીયર	તે	હીરેશનભાઇ	1	0.00000676
જીતીવા	માટે	પ્રતિબદ્ધ	છીએ	1	0.00000676
જીલ્લા	એલ	.	સી	1	0.00000676
જીલ્લા	પોલીસે	સ્થાનીક	દેડીયાપાડા	1	0.00000676
જીલ્લાના	ડેડીયાપાડા	સાગબારા	વિસ્તારના	1	0.00000676
જૂથ	સ્થાપિત	થયેલ	છે	1	0.00000676
જૂન	મહિનામાં	શરૂ	થશે	1	0.00000676
જૂના	માણસ	ખવડાવી	,	1	0.00000676
જૂના	માણસ	તેના	સુધી	1	0.00000676
જૂના	માણસ	તેની	સાથે	1	0.00000676
જૂના	માણસ	સાથે	પાસે	1	0.00000676
જે	100	લોડ	માટે	1	0.00000676
જે	અગવડતાને	કારણે	નહીં	1	0.00000676
જે	ક્યારેક	આપનાં	પેરેન્ટ્સે	1	0.00000676
જે	શક્યત	જૂન	મહિનામાં	1	0.00000676
જેટલી	અલગ	અલગ	ટીમો	1	0.00000676
જેના	કારણે	ખેડુતોમા	ભારે	1	0.00000676
જેને	પગલે	આખરે	આ	1	0.00000676
જેને	વ્યાપક	સર્મથન	મળ્યુ	1	0.00000676
જોઈ	રહ્યું	,	તેને	1	0.00000676
જોઈએ	.	પુરાવા	આપવા	1	0.00000676
જોકે	,	એ	જોવું	1	0.00000676
જોખમ	પર	હોઈ	શકે	1	0.00000676
જોવા	મળે	છે	વેરાવળ	1	0.00000676
જોવા	મળ્યો	હતો	ને	1	0.00000676
જોવા	માટે	પ્રસન્ન	હતો	1	0.00000676
જોવામાં	વ્યસ્ત	છે	.	1	0.00000676
જોવું	રસપ્રદ	રહેશે	કે	1	0.00000676
જ્યાં	તેમણે	સરદાર	પટેલ	1	0.00000676
જ્યાંથી	અમદાવાદ	તેમજ	ઉત્તર	1	0.00000676
જ્યારે	આપ	તે	વાતો	1	0.00000676
જ્યારે	મોરારીબાપુએ	ગાંધીજીની	પ્રતિમાને	1	0.00000676
જ્યોતિરાદિત્ય	સિંધિયાની	જન	આશિર્વાદ	1	0.00000676
ઝડપથી	વૃદ્ધિ	પામી	રહેલા	1	0.00000676
ઝડપી	પાડયો	હતો	.	1	0.00000676
ઝડપી	પાડવા	માટે	નર્મદા	1	0.00000676
ઝડપી	પાડવા	માટે	પોેલીસ	1	0.00000676
ઝાલોદના	બૂટલેગરો	વિદેશી	દારૃનો	1	0.00000676
ટાઇગર	સેના	દ્વારા	બંધનુ	1	0.00000676
ટાળી	દેવી	યોગ્ય	રહેશે	1	0.00000676
ટીમો	બનાવી	હતી	ને	1	0.00000676
ટીમોએ	તપાસ	આદરી	હતી	1	0.00000676
ટેક્સ	વધારવાની	જરૂર	શુ	1	0.00000676
ટેલીફોનીક	બેસણુ	તા	.	1	0.00000676
ટ્રસ્ટ	ની	જમીન	મુક્ત	1	0.00000676
ટ્વિટર	કોઈ	નિવેદન	આપે	1	0.00000676
ટ્વિટર	છોડવાના	સંકેત	સામે	1	0.00000676
ટ્વિટર	પોતાના	આ	ખાસ	1	0.00000676
ઠંડીથી	ઇન્હેલેશન	ડીપીટી	કંડલા	1	0.00000676
ઠલવાય	છે	.	કેન્દ્રીય	1	0.00000676
ઠાલવે	છે	.	આબુથી	1	0.00000676
ઠેકાઓ	પરથી	લીમડી	તેમજ	1	0.00000676
ડબ્લ્યૂઆરઆઇ	એ	જણાવ્યું	છે	1	0.00000676
ડી	.	એસ	.	1	0.00000676
ડી	.	વસાવા	તમારા	1	0.00000676
ડી	ફિલ્મમાં	કામ	કરવાનો	1	0.00000676
ડી	વાય	એસ	પી	1	0.00000676
ડીએની	ઉપરાંત	મુસાફરી	ભથ્થું	1	0.00000676
ડીપીટી	કંડલા	પોર્ટ	ટ્રસ્ટ	1	0.00000676
ડેડીયાપાડા	સાગબારા	વિસ્તારના	ગરીબ	1	0.00000676
ડોલર	હતો	.	તે	1	0.00000676
ડોલરની	વચ્ચેનો	પગાર	.	1	0.00000676
ડ્રાઇવરોને	તેની	રાજ્ય	લઘુતમ	1	0.00000676
ડ્રોપની	ભરપાઈ	કરવા	માટે	1	0.00000676
ઢાંઢણી	ગામની	પરિણીતાએ	પણ	1	0.00000676
તક	મળી	રહેશે	,	1	0.00000676
તકતીનું	અનાવરણ	કર્યું	તહું	1	0.00000676
તકો	સર્જાવાની	શક્યતા	છે	1	0.00000676
તઘલખી	નિર્ણયો	સામે	જનતાએ	1	0.00000676
તટસ્થ	તપાસ	થાય	તો	1	0.00000676
તથા	અનરજીસ્ટર્ડ	પર્સન	પાસેથી	1	0.00000676
તપાસ	આદરી	હતી	.	1	0.00000676
તપાસ	થાય	તો	સાચી	1	0.00000676
તપાસકર્તાઓ	માટેનો	સરેરાશ	પગાર	1	0.00000676
તબક્કા	છે	.	દબાણના	1	0.00000676
તબદીલ	કરેલ	તથા	અનરજીસ્ટર્ડ	1	0.00000676
તમને	એક	નવી	કાર	1	0.00000676
તમામ	ખેડૂતો	પોતાની	સ્વતંત્રતા	1	0.00000676
તમામ	લાઇસન્સવાળા	ડ્રાઇવરોને	તેની	1	0.00000676
તમારા	પક્ષના	પાલિકા	સભ્યોએ	1	0.00000676
તમારા	માટે	એક	વિકલ્પ	1	0.00000676
તમારો	અભિપ્રાય	લિધો	છે	1	0.00000676
તમાશો	જોવામાં	વ્યસ્ત	છે	1	0.00000676
તરફ	આ	આરોપી	ને	1	0.00000676
તરીકે	,	અઠવાડિયામાં	એક	1	0.00000676
તરુણો	એક	સ્વવેના	મુદ્રામાં	1	0.00000676
તહું	.	ત્યારબાદ	હોસ્પિટલનું	1	0.00000676
તા	.	રપ	ના	1	0.00000676
તા	.	રર	૩	1	0.00000676
તાલીમ	!	કોઈ	કંપની	1	0.00000676
તુવેરો	ખરીદી	કર્યા	પછી	1	0.00000676
તે	જ	વર્ષે	અમેરિકામાં	1	0.00000676
તે	પહેલાં	પહેલાંના	વીમાનો	1	0.00000676
તે	વલણ	વ્યક્ત	કરી	1	0.00000676
તે	વાતો	ફરી	વખત	1	0.00000676
તે	સારું	બદલો	લેવા	1	0.00000676
તે	હીરેશનભાઇ	,	ચેતનભાઇ	1	0.00000676
તેઓ	એટલી	સારી	રીતે	1	0.00000676
તેઓ	ગમે	એ	કાર્ય	1	0.00000676
તેઓ	તમામ	ખેડૂતો	પોતાની	1	0.00000676
તેઓ	તેને	સારવાર	.	1	0.00000676
તેઓ	મેમરી	,	સમજશક્તિ	1	0.00000676
તેઓ	સંબંધિત	છે	,	1	0.00000676
તેઓ	હરાવ્યું	અટકે	કરશે	1	0.00000676
તેના	બેગ	લીધો	,	1	0.00000676
તેના	વિશે	પ્રકાશ	પાડીશું	1	0.00000676
તેના	સુધી	આવ્યા	અને	1	0.00000676
તેનાં	પ્રેમી	સાથે	ભાગી	1	0.00000676
તેની	પત્ની	સાથે	હરાવ્યું	1	0.00000676
તેની	રાજ્ય	લઘુતમ	મર્યાદા	1	0.00000676
તેની	સાથે	ઘર	એક	1	0.00000676
તેને	જોવા	માટે	પ્રસન્ન	1	0.00000676
તેને	માટે	રાહ	જોઈ	1	0.00000676
તેને	સારવાર	.	સજ્જન	1	0.00000676
તેને	હરાવ્યું	સુધી	તેઓ	1	0.00000676
તેમ	કહી	ને	૭	1	0.00000676
તેમજ	ઉત્તર	ગુજરાતમાં	દારૃ	1	0.00000676
તેમજ	જીલ્લા	એલ	.	1	0.00000676
તેમજ	ઝાલોદના	બૂટલેગરો	વિદેશી	1	0.00000676
તેમજ	તેમની	ટીમોએ	તપાસ	1	0.00000676
તેમજ	ત્રણ	દિવસ	પહેલા	1	0.00000676
તેમજ	પાલનપુર	થઈ	મહેસાણામાં	1	0.00000676
તેમણે	કહ્યું	કે	,	1	0.00000676
તેમણે	કુલ	રૂા	.	1	0.00000676
તેમણે	તે	સારું	બદલો	1	0.00000676
તેમણે	તેમને	મુલાકાત	છે	1	0.00000676
તેમણે	વચન	આપ્યું	હતું	1	0.00000676
તેમણે	સરદાર	પટેલ	હોસ્પિટલ	1	0.00000676
તેમના	વજન	લઇ	શકે	1	0.00000676
તેમની	અંદર	આત્મવિશ્વાસનો	અભાવ	1	0.00000676
તેમની	અંદર	એવી	લાગણી	1	0.00000676
તેમની	ટીમોએ	તપાસ	આદરી	1	0.00000676
તેમને	જણાવ્યું	કે	આ	1	0.00000676
તેમને	મુલાકાત	છે	,	1	0.00000676
તેમાં	એ	બીજા	લોકોથી	1	0.00000676
તો	તમાશો	જોવામાં	વ્યસ્ત	1	0.00000676
તો	પછી	ટેક્સ	વધારવાની	1	0.00000676
તો	સાચી	હકીકત	જણાશે	1	0.00000676
ત્યાં	ઉતારવામાં	આવે	છે	1	0.00000676
ત્યાં	તેને	માટે	રાહ	1	0.00000676
ત્યારબાદ	હોસ્પિટલનું	અવલોકન	કર્યું	1	0.00000676
ત્યારે	બીજી	તરફ	આ	1	0.00000676
ત્રણ	દિવસ	પહેલા	ઢાંઢણી	1	0.00000676
ત્રણ	રાજ્યોમાં	મળેલ	હાર	1	0.00000676
ત્રણ	વર્ષ	સુધીની	સજા	1	0.00000676
ત્રિપુરા	,	નાગાલેન્ડ	અને	1	0.00000676
થઇ	ગયો	હતો	જેના	1	0.00000676
થઈ	ગઈ	છે	,	1	0.00000676
થઈ	મહેસાણામાં	રીટા	અને	1	0.00000676
થઈ	શકે	છે	.	1	0.00000676
થઈ	હિંમતનગર	,	ગાંધીનગર	1	0.00000676
થયેલ	છે	.	રાજપીપળા	1	0.00000676
થવા	લાગે	છે	કે	1	0.00000676
થવાનો	છે	.	વા	1	0.00000676
થશે	.	અઠવાડિયાના	અંતે	1	0.00000676
થશે	.	વીણાએ	કહ્યુ	1	0.00000676
થાય	છે	.	રાજસ્થાનના	1	0.00000676
થાય	તો	સાચી	હકીકત	1	0.00000676
થી	83,000	ડોલરની	વચ્ચેનો	1	0.00000676
થી	ફેલો	સ્થાને	પહોંચી	1	0.00000676
થી	૬	રાખેલ	છે	1	0.00000676
થી	૮	કરોડ	રૃપીયાની	1	0.00000676
દબાણના	ડ્રોપની	ભરપાઈ	કરવા	1	0.00000676
દરમિયાન	...	ઉત્તર	પ્રદેશમાં	1	0.00000676
દરમિયાન	ઈન્દોરના	એક	પોલીસ	1	0.00000676
દરોમાં	પરિણમી	શકે	છે	1	0.00000676
દર્દીઓમાં	આ	સિન્ડ્રોમ	જોવા	1	0.00000676
દર્શાવવામાં	આવે	.	નમૂનારૂપ	1	0.00000676
દર્શાવી	અન્ય	વેપારીઓને	રૂા	1	0.00000676
દર્શાવેલ	ખરીદીઓનાં	વેચાણો	પર	1	0.00000676
દાન	કરવાનું	મહત્ત્વ	પણ	1	0.00000676
દારૃ	સપ્લાઈ	થાય	છે	1	0.00000676
દારૃનો	જથ્થો	ઠલવાય	છે	1	0.00000676
દારૃનો	જથ્થો	સાંચોર	તેમજ	1	0.00000676
દારૃનો	મોટાપાયે	જથ્થો	ખરીદી	1	0.00000676
દિલીપ	અને	રબારી	દ્વારા	1	0.00000676
દિવસ	પહેલા	ઢાંઢણી	ગામની	1	0.00000676
દિવસ	વિતાવવો	ઉપયોગી	છે	1	0.00000676
દીઠ	23.	97	ડોલર	1	0.00000676
દુકાન	બંધ	કરીને	ફરાર	1	0.00000676
દેખાવા	લાગે	છે	.	1	0.00000676
દેડીયાપાડા	પોલીસ	તેમજ	જીલ્લા	1	0.00000676
દેવી	યોગ્ય	રહેશે	.	1	0.00000676
દેશના	ઝડપથી	વૃદ્ધિ	પામી	1	0.00000676
દ્રશ્ય	તપાસકર્તાઓ	માટેનો	સરેરાશ	1	0.00000676
દ્રષ્ટિ	વ્યાપક	તાલીમ	!	1	0.00000676
દ્વારા	પ્રથમ	પ્રતિક્રિયા	આપવામાં	1	0.00000676
દ્વારા	બંધનુ	એલાન	પણ	1	0.00000676
દ્વારા	બાતમીદારોનો	પણ	ઉપયોગ	1	0.00000676
દ્વારા	મોટાપાયે	દારૃનો	જથ્થો	1	0.00000676
ધન	ખરીદવાનું	અને	દાન	1	0.00000676
ધનતેરસ	વિશે	ઘણીબધી	ચર્ચા	1	0.00000676
ધરાવતા	તરુણો	એક	સ્વવેના	1	0.00000676
ધારાસભ્ય	પી	.	ડી	1	0.00000676
ધુસી	જતા	એકનું	મોત	1	0.00000676
ધ્યાનમાં	રાખીને	લીધો	છે	1	0.00000676
ન	હતી	.	પછી	1	0.00000676
ન	હતી	અને	એસ્ટેટ	1	0.00000676
નજીક	ગાડી	કન્ટેનર	પાછળ	1	0.00000676
નજીક	વેગનઆર	કારમાં	આગ	1	0.00000676
નડિયાદ	અને	વડોદરા	શહેર	1	0.00000676
નથી	.	તેમણે	કુલ	1	0.00000676
નમૂનારૂપ	ઉત્તર	આમ	,	1	0.00000676
નર્મદા	જીલ્લા	પોલીસે	સ્થાનીક	1	0.00000676
નર્મદા	જીલ્લાના	ડેડીયાપાડા	સાગબારા	1	0.00000676
નર્મદા	ડી	.	એસ	1	0.00000676
નવી	કાર	વીમા	પૉલિસી	1	0.00000676
નવી	તકો	સર્જાવાની	શક્યતા	1	0.00000676
નવો	અને	સારો	હતો	1	0.00000676
નહીં	.	દેશના	ઝડપથી	1	0.00000676
નહીં	કરી	શકે	.	1	0.00000676
નહીં	કરે	.	સૌથી	1	0.00000676
ના	પિતાશ્રીનું	તા	.	1	0.00000676
ના	પી	.	એસ	1	0.00000676
ના	રોજ	અવસાન	પામેલ	1	0.00000676
ના	રોજ	સાંજે	૪	1	0.00000676
ના	હોવાથી	ટાળી	દેવી	1	0.00000676
નાગડાવાસ	નજીક	ગાડી	કન્ટેનર	1	0.00000676
નાગાલેન્ડ	અને	મેઘાલયમાં	લોકોના	1	0.00000676
નાથાલાલ	આશરા	ઉ	.	1	0.00000676
નામે	રૂા	.	૧૫.	1	0.00000676
નિર્ણય	કોરોના	વાયરસના	ભયને	1	0.00000676
નિર્ણયો	સામે	જનતાએ	જ	1	0.00000676
નિર્દેશોના	પગલે	આ	કેદીઓને	1	0.00000676
નિવૃત	જીઇબી	એન્જીનીયર	તે	1	0.00000676
નિવેદન	આપે	છે	કે	1	0.00000676
નિષ્ફળતા	ભારે	વીમા	દરોમાં	1	0.00000676
ની	જમીન	મુક્ત	કરવાની	1	0.00000676
નું	કામ	એક	સ્વતંત્ર	1	0.00000676
નુકશાન	પહોંચાડેલ	છે	.	1	0.00000676
ને	આ	આરોપી	ને	1	0.00000676
ને	આ	મુદ્દે	ભીલીસ્તાન	1	0.00000676
ને	ગુસ્સો	જોવા	મળ્યો	1	0.00000676
ને	૭	થી	૮	1	0.00000676
નેતાઓ	તો	તમાશો	જોવામાં	1	0.00000676
નેતાઓને	કરતા	ખળભળાટ	મચ્યો	1	0.00000676
નો	ફોલ્ટ	વીમા	કાયદાઓએ	1	0.00000676
નોંધવામાં	આવ્યો	છે	.	1	0.00000676
પ	નિવૃત	જીઇબી	એન્જીનીયર	1	0.00000676
પંખીડાએ	આપઘાત	કરી	લેતાં	1	0.00000676
પંપનું	જૂથ	સ્થાપિત	થયેલ	1	0.00000676
પકડવા	માટે	નર્મદા	જીલ્લા	1	0.00000676
પક્ષના	પાલિકા	સભ્યોએ	ભાજપ	1	0.00000676
પગલે	આ	કેદીઓને	બાળગૃહમાંથી	1	0.00000676
પગલે	આખરે	આ	આરોપીને	1	0.00000676
પગાર	.	તેમજ	ત્રણ	1	0.00000676
પગાર	55,040	હતો	,	1	0.00000676
પછી	કલ્પેશ	સુભાષ	અગ્રવાલે	1	0.00000676
પછી	ખેડૂતો	ઉમળકાભેર	રહેતા	1	0.00000676
પછી	ટેક્સ	વધારવાની	જરૂર	1	0.00000676
પછી	સ્ક્રિપ	થી	ફેલો	1	0.00000676
પટેલ	હાજર	રહ્યા	હતા	1	0.00000676
પટેલ	હોસ્પિટલ	એન્ડ	હાર્ટ	1	0.00000676
પડશે	,	નેતાઓ	તો	1	0.00000676
પડી	.	સહીત	અનેક	1	0.00000676
પણ	અનાવરણ	કર્યું	હતું	1	0.00000676
પણ	અપાયુ	હતુ	.	1	0.00000676
પણ	ઉપયોગ	કરાયો	હતો	1	0.00000676
પણ	તેનાં	પ્રેમી	સાથે	1	0.00000676
પણ	વધારો	થવાનો	છે	1	0.00000676
પણ	સમજાવેલું	છે	.	1	0.00000676
પણ	હું	ઇચ્છતી	હતી	1	0.00000676
પત્ની	સાથે	હરાવ્યું	શરૂ	1	0.00000676
પત્રિકાના	માધ્યમથી	સત્તાધીશો	અને	1	0.00000676
પર	અનલોડ	છે	.	1	0.00000676
પર	આરોપ	આ	સારા	1	0.00000676
પર	ઉઘરાવેલ	રૂા	.	1	0.00000676
પર	કોંગ્રેસ	અધ્યક્ષ	રાહુલ	1	0.00000676
પર	હોઈ	શકે	છે	1	0.00000676
પરત	કરવાનું	છે	.	1	0.00000676
પરત	ફર્યા	હતા	.	1	0.00000676
પરથી	લીમડી	તેમજ	ઝાલોદના	1	0.00000676
પરિણમી	શકે	છે	.	1	0.00000676
પરિણીતાએ	પણ	તેનાં	પ્રેમી	1	0.00000676
પર્સ	પરત	કરવાનું	છે	1	0.00000676
પર્સન	પાસેથી	દર્શાવેલ	ખરીદીઓનાં	1	0.00000676
પસંદ	કરો	જે	અગવડતાને	1	0.00000676
પહેલા	ઢાંઢણી	ગામની	પરિણીતાએ	1	0.00000676
પહેલાં	પહેલાંના	વીમાનો	પુરાવો	1	0.00000676
પહેલાંના	વીમાનો	પુરાવો	જોઈએ	1	0.00000676
પહોંચાડેલ	છે	.	યુનાઇટેડ	1	0.00000676
પહોંચી	ગયું	અને	તેને	1	0.00000676
પહોંચ્યાં	હતાં	જ્યાં	તેમણે	1	0.00000676
પાંચ	વર્ષમાં	૨૦૨૨	સુધીમાં	1	0.00000676
પાછળ	ધુસી	જતા	એકનું	1	0.00000676
પાછા	આવ્યા	અને	તેઓ	1	0.00000676
પાડયો	હતો	.	મિશિગનના	1	0.00000676
પાડવા	માટે	નર્મદા	ડી	1	0.00000676
પાડવા	માટે	પોેલીસ	દ્વારા	1	0.00000676
પાડવામાં	અને	જૂના	માણસ	1	0.00000676
પાડવામાં	આવે	છે	,	1	0.00000676
પામી	રહેલા	રિન્યૂએબલ	એનર્જી	1	0.00000676
પામેલ	છે	.	સદ્ગતનું	1	0.00000676
પાલનપુર	થઈ	મહેસાણામાં	રીટા	1	0.00000676
પાલિકા	સભ્યોએ	ભાજપ	સાથે	1	0.00000676
પાલિકાના	છેલ્લા	10	વર્ષના	1	0.00000676
પાસે	આવ્યા	.	ત્યાં	1	0.00000676
પાસેથી	દર્શાવેલ	ખરીદીઓનાં	વેચાણો	1	0.00000676
પિતાશ્રીનું	તા	.	રર	1	0.00000676
પી	.	એસ	.	1	0.00000676
પી	.	ડી	.	1	0.00000676
પી	મનોહરસિહ	જાડેજાના	માર્ગદર્શન	1	0.00000676
પી	મહેન્દ્	બગાડીયાની	સુચના	1	0.00000676
પુખ્ત	વયના	લોકો	માટે	1	0.00000676
પુરાવા	આપવા	માટે	નિષ્ફળતા	1	0.00000676
પુરાવો	જોઈએ	.	પુરાવા	1	0.00000676
પુરું	પાડવામાં	અને	જૂના	1	0.00000676
પુષ્પ	અર્પણ	કર્યા	હતા	1	0.00000676
પૂજન	કરવું	તેના	વિશે	1	0.00000676
પૂરી	થઈ	ગઈ	છે	1	0.00000676
પૂરી	પાડવામાં	આવે	છે	1	0.00000676
પેટના	પ્રદેશમાં	વજન	આગળ	1	0.00000676
પેટની	વિસ્તારમાં	તેમના	વજન	1	0.00000676
પેરેન્ટ્સે	આપને	કહી	હોય	1	0.00000676
પૉલિસી	લખશે	તે	પહેલાં	1	0.00000676
પોતાના	આ	ખાસ	યુઝર્સને	1	0.00000676
પોતાની	દુકાન	બંધ	કરીને	1	0.00000676
પોતાની	સ્વતંત્રતા	લખી	ન	1	0.00000676
પોર્ટ	ટ્રસ્ટ	ની	જમીન	1	0.00000676
પોલીસ	તેમજ	જીલ્લા	એલ	1	0.00000676
પોલીસ	સ્ટેશનમાં	પ્રાણી	ક્રૂરતાનો	1	0.00000676
પોલીસની	૩	જેટલી	અલગ	1	0.00000676
પોલીસે	સ્થાનીક	દેડીયાપાડા	પોલીસ	1	0.00000676
પોેલીસ	દ્વારા	બાતમીદારોનો	પણ	1	0.00000676
પ્રકાર	હીટ	એક્સચેન્જો	સાથે	1	0.00000676
પ્રકાશનનો	દિવસ	વિતાવવો	ઉપયોગી	1	0.00000676
પ્રણવ	મુખરજીએ	હોસ્પિટલની	તકતીનું	1	0.00000676
પ્રતિક્રિયા	આપવામાં	આવી	છે	1	0.00000676
પ્રતિબદ્ધ	છીએ	.	આ	1	0.00000676
પ્રતિમાનું	પણ	અનાવરણ	કર્યું	1	0.00000676
પ્રતિમાને	પુષ્પ	અર્પણ	કર્યા	1	0.00000676
પ્રથમ	પ્રતિક્રિયા	આપવામાં	આવી	1	0.00000676
પ્રદર્શન	નહીં	કરી	શકે	1	0.00000676
પ્રદાતાઓ	તમને	એક	નવી	1	0.00000676
પ્રદેશમાં	લગભગ	359	.	1	0.00000676
પ્રદેશમાં	વજન	આગળ	યોનિમાર્ગ	1	0.00000676
પ્રસંગે	ગુજરાતના	રાજ્યપાલ	ઓપી	1	0.00000676
પ્રસન્ન	હતો	.	પુરું	1	0.00000676
પ્રાણી	ક્રૂરતાનો	કેસ	નોંધવામાં	1	0.00000676
પ્રેમી	પંખીડાએ	આપઘાત	કરી	1	0.00000676
પ્રેમી	સાથે	ભાગી	જઈ	1	0.00000676
પ્રોવિડન્ટ	ફંડ	અને	ગ્રેચ્યુઇટીમાં	1	0.00000676
પ્લેટ	પ્રકાર	હીટ	એક્સચેન્જો	1	0.00000676
પ્લેટ	હીટ	એક્સ્ચેન્જર	પૂરી	1	0.00000676
ફંડ	અને	ગ્રેચ્યુઇટીમાં	પણ	1	0.00000676
ફરાર	થઇ	ગયો	હતો	1	0.00000676
ફરી	વખત	સાંભળો	છો	1	0.00000676
ફરીથી	જીતીવા	માટે	પ્રતિબદ્ધ	1	0.00000676
ફર્યા	હતા	.	જૂના	1	0.00000676
ફિલ્મમાં	કામ	કરવાનો	અનુભવ	1	0.00000676
ફિલ્મો	લગભગ	પૂરી	થઈ	1	0.00000676
ફેલો	સ્થાને	પહોંચી	ગયું	1	0.00000676
ફોલ્ટ	વીમા	કાયદાઓએ	તમામ	1	0.00000676
બંધ	કરીને	ફરાર	થઇ	1	0.00000676
બંધ	છે	.	કોર્ટે	1	0.00000676
બંધનુ	એલાન	પણ	અપાયુ	1	0.00000676
બંને	પ્રેમી	પંખીડાએ	આપઘાત	1	0.00000676
બગાડીયાની	સુચના	અને	ડી	1	0.00000676
બચ્ચના	ટ્વિટર	છોડવાના	સંકેત	1	0.00000676
બદલામાં	,	તેમણે	વચન	1	0.00000676
બદલો	લેવા	માગતા	હતા	1	0.00000676
બધી	ફિલ્મો	લગભગ	પૂરી	1	0.00000676
બનાવી	હતી	ને	આ	1	0.00000676
બની	રહ્યો	છે	.	1	0.00000676
બાતમીદારોનો	પણ	ઉપયોગ	કરાયો	1	0.00000676
બાબતે	એમણે	તમારો	અભિપ્રાય	1	0.00000676
બાળ	કેદીઓને	મુક્ત	કરવામાં	1	0.00000676
બાળકો	અને	પુખ્ત	વયના	1	0.00000676
બાળકો	બંધ	છે	.	1	0.00000676
બાળગૃહમાંથી	મુકત	કરવામાં	આવશે	1	0.00000676
બાળગૃહોમાં	લગભગ	30,000	બાળકો	1	0.00000676
બિંદુ	આઇટીપી	નું	કામ	1	0.00000676
બિચ્છુવાડાથી	શામળાજી	બોર્ડર	થઈ	1	0.00000676
બિલીંગના	વ્યવહારો	દર્શાવી	અન્ય	1	0.00000676
બી	.	આ	અઠવાડિયે	1	0.00000676
બી	.	ના	પી	1	0.00000676
બીજા	લોકોથી	ક્યારેય	સારું	1	0.00000676
બીજી	તરફ	આ	આરોપી	1	0.00000676
બૂટલેગર	સુનિલ	,	વિનોદ	1	0.00000676
બૂટલેગરો	વિદેશી	દારૃનો	મોટાપાયે	1	0.00000676
બે	તબક્કા	છે	.	1	0.00000676
બે	પ્લેટ	પ્રકાર	હીટ	1	0.00000676
બે	યુવાન	અને	તેની	1	0.00000676
બેગ	લીધો	,	જણાવ્યું	1	0.00000676
બેસણુ	તા	.	રપ	1	0.00000676
બોગસ	બિલીંગના	વ્યવહારો	દર્શાવી	1	0.00000676
બોર્ડર	થઈ	હિંમતનગર	,	1	0.00000676
બ્યુરો	ઓફ	લેબર	સ્ટેટિસ્ટિક્સ	1	0.00000676
ભથ્થું	,	પ્રોવિડન્ટ	ફંડ	1	0.00000676
ભથ્થું	,	શહેર	ભથ્થું	1	0.00000676
ભયને	ધ્યાનમાં	રાખીને	લીધો	1	0.00000676
ભરપાઈ	કરવા	માટે	,	1	0.00000676
ભરવાડ	તેમજ	તેમની	ટીમોએ	1	0.00000676
ભરૂચથી	રાષ્ટ્રપતિ	અંકલેશ્વર	આવી	1	0.00000676
ભાગી	જઈ	બંને	પ્રેમી	1	0.00000676
ભાજપ	સાથે	મળી	શુ	1	0.00000676
ભાજપના	કાર્યકરોએ	જન	આશીર્વાદ	1	0.00000676
ભારે	ચકચાર	મચી	ગઇ	1	0.00000676
ભારે	રોષ	ને	ગુસ્સો	1	0.00000676
ભારે	વીમા	દરોમાં	પરિણમી	1	0.00000676
ભાવ	આપીશ	તેમ	કહી	1	0.00000676
ભીલીસ્તાન	ટાઇગર	સેના	દ્વારા	1	0.00000676
ભેટ	આપી	.	પછી	1	0.00000676
મંત્રી	જ્યોતિરાદિત્ય	સિંધિયાની	જન	1	0.00000676
મચી	ગઇ	છે	.	1	0.00000676
મચ્યો	છે	.	કાગદડી	1	0.00000676
મજા	હશે	.	ગ્રો	1	0.00000676
મન	અને	વિશ્વના	દ્રષ્ટિ	1	0.00000676
મનોહરસિહ	જાડેજાના	માર્ગદર્શન	હેઠળ	1	0.00000676
મર્યાદા	લઇ	જવાની	જરૂર	1	0.00000676
મળી	રહેશે	,	એમ	1	0.00000676
મળી	શુ	ગુટર	ગુ	1	0.00000676
મળે	છે	વેરાવળ	હરસુખલાલ	1	0.00000676
મળેલ	હાર	પર	કોંગ્રેસ	1	0.00000676
મળ્યુ	હતુ	,	ત્યારે	1	0.00000676
મળ્યો	હતો	ને	આ	1	0.00000676
મહત્ત્વ	પણ	સમજાવેલું	છે	1	0.00000676
મહારાષ્ટ્રથી	ઝડપી	પાડયો	હતો	1	0.00000676
મહિનામાં	શરૂ	થશે	.	1	0.00000676
મહિલા	વર્ગના	સપોર્ટથી	સ્થિતિ	1	0.00000676
મહિલાને	કે	આ	સજ્જન	1	0.00000676
મહિસાગર	,	હાલોલ	,	1	0.00000676
મહેન્દ્	બગાડીયાની	સુચના	અને	1	0.00000676
મહેસાણામાં	રીટા	અને	વિરસિંહને	1	0.00000676
માં	અપરાધ	દ્રશ્ય	તપાસકર્તાઓ	1	0.00000676
માગણી	...	આપણાં	શાસ્ત્રોમાં	1	0.00000676
માગતા	હતા	.	તેના	1	0.00000676
માટે	,	અને	વજન	1	0.00000676
માટે	,	પંપનું	જૂથ	1	0.00000676
માટે	,	પ્લેટ	હીટ	1	0.00000676
માટે	ઉપયોગી	છે	.	1	0.00000676
માટે	ઊંચા	જોખમ	પર	1	0.00000676
માટે	એક	વિકલ્પ	પસંદ	1	0.00000676
માટે	કરોડો	રૂપિયાની	ગ્રાન્ટ	1	0.00000676
માટે	નર્મદા	જીલ્લા	પોલીસે	1	0.00000676
માટે	નર્મદા	ડી	.	1	0.00000676
માટે	નિષ્ફળતા	ભારે	વીમા	1	0.00000676
માટે	પોેલીસ	દ્વારા	બાતમીદારોનો	1	0.00000676
માટે	પ્રકાશનનો	દિવસ	વિતાવવો	1	0.00000676
માટે	પ્રતિબદ્ધ	છીએ	.	1	0.00000676
માટે	પ્રસન્ન	હતો	.	1	0.00000676
માટે	રચાયેલ	છે	.	1	0.00000676
માટે	રાહ	જોઈ	રહ્યું	1	0.00000676
માટે	વિવાહનો	શુભ	યોગ	1	0.00000676
માટે	સમય	શુભ	ના	1	0.00000676
માટેનો	સરેરાશ	પગાર	55,040	1	0.00000676
માણસ	ખવડાવી	,	તેમણે	1	0.00000676
માણસ	તેના	સુધી	આવ્યા	1	0.00000676
માણસ	તેની	સાથે	ઘર	1	0.00000676
માણસ	સાથે	પાસે	આવ્યા	1	0.00000676
માત્ર	સુપર	મોડલ	સિવાય	1	0.00000676
માધ્યમથી	સત્તાધીશો	અને	નેતાઓને	1	0.00000676
મામલો	સંસદમાં	ઉઠ્યો	,	1	0.00000676
માર્ગદર્શન	હેઠળ	પોલીસની	૩	1	0.00000676
માવાણીએ	ચાર્મી	ઇન્ડસ્ટ્રીઝના	નામે	1	0.00000676
મિલનભાઇ	હરીશભાઇ	માવાણીએ	ચાર્મી	1	0.00000676
મિશિગનના	નો	ફોલ્ટ	વીમા	1	0.00000676
મુકત	કરવામાં	આવશે	.	1	0.00000676
મુક્ત	કરવાની	માગણી	...	1	0.00000676
મુક્ત	કરવામાં	આવશે	.	1	0.00000676
મુખરજીએ	હોસ્પિટલની	તકતીનું	અનાવરણ	1	0.00000676
મુજબ	કરવામાં	આવે	છે	1	0.00000676
મુદ્દે	ભીલીસ્તાન	ટાઇગર	સેના	1	0.00000676
મુદ્રામાં	તે	વલણ	વ્યક્ત	1	0.00000676
મુલાકાત	છે	,	તેઓ	1	0.00000676
મુશ્કેલ	હોતુ	હતું	જ્યારે	1	0.00000676
મુસાફરી	ભથ્થું	,	શહેર	1	0.00000676
મેઘાલયમાં	લોકોના	જનાદેશનો	સ્વાગત	1	0.00000676
મેદસ્વી	લોકો	પેટની	વિસ્તારમાં	1	0.00000676
મેમરી	,	સમજશક્તિ	,	1	0.00000676
મોટાપાયે	જથ્થો	ખરીદી	મહિસાગર	1	0.00000676
મોટાપાયે	દારૃનો	જથ્થો	ઠલવાય	1	0.00000676
મોડલ	સિવાય	જે	શક્યત	1	0.00000676
મોત	આ	બધી	ફિલ્મો	1	0.00000676
મોરબીના	નાગડાવાસ	નજીક	ગાડી	1	0.00000676
મોરારીબાપુએ	ગાંધીજીની	પ્રતિમાને	પુષ્પ	1	0.00000676
યાત્રા	દરમિયાન	...	ઉત્તર	1	0.00000676
યાત્રા	દરમિયાન	ઈન્દોરના	એક	1	0.00000676
યાત્રા	માટે	સમય	શુભ	1	0.00000676
યુઝર્સને	જતા	કેવી	રીતે	1	0.00000676
યુનાઇટેડ	સ્ટેટ્સ	બ્યુરો	ઓફ	1	0.00000676
યુવાન	અને	તેની	પત્ની	1	0.00000676
યોગ	બની	રહ્યો	છે	1	0.00000676
યોગ્ય	રહેશે	.	એલ	1	0.00000676
યોગ્ય	શબ્દો	,	અને	1	0.00000676
યોજના	બે	પ્લેટ	પ્રકાર	1	0.00000676
યોજના	મુજબ	કરવામાં	આવે	1	0.00000676
યોજનાકીય	કામની	તટસ્થ	તપાસ	1	0.00000676
યોનિમાર્ગ	ખેંચે	છે	,	1	0.00000676
રચાયેલ	છે	.	હોટ	1	0.00000676
રપ	ના	રોજ	સાંજે	1	0.00000676
રબારી	દ્વારા	મોટાપાયે	દારૃનો	1	0.00000676
રમુજી	ઉખાણાઓ	એક	કપ	1	0.00000676
રર	૩	ના	રોજ	1	0.00000676
રસપ્રદ	રહેશે	કે	ટ્વિટર	1	0.00000676
રહેતા	હતા	અને	સમૃદ્ધ	1	0.00000676
રહેલા	રિન્યૂએબલ	એનર્જી	ક્ષેત્રમાં	1	0.00000676
રહેવા	શરૂ	કર્યું	છે	1	0.00000676
રહેશે	,	એમ	અમેરિકાની	1	0.00000676
રહેશે	.	એલ	.	1	0.00000676
રહેશે	.	કેટલાક	જાતકો	1	0.00000676
રહેશે	કે	ટ્વિટર	પોતાના	1	0.00000676
રહ્યા	હતા	.	રાષ્ટ્રપતિએ	1	0.00000676
રહ્યું	,	તેને	જોવા	1	0.00000676
રહ્યો	છે	.	કારણ	1	0.00000676
રાખીને	લીધો	છે	.	1	0.00000676
રાખેલ	છે	.	આ	1	0.00000676
રાજપીપળા	પાલિકાના	છેલ્લા	10	1	0.00000676
રાજસ્થાનના	બિચ્છુવાડાથી	શામળાજી	બોર્ડર	1	0.00000676
રાજ્ય	લઘુતમ	મર્યાદા	લઇ	1	0.00000676
રાજ્યના	બાળગૃહોમાં	લગભગ	30,000	1	0.00000676
રાજ્યપાલ	ઓપી	કોહલી	અને	1	0.00000676
રાજ્યસભાના	સાંસદ	અહેમદ	પટેલ	1	0.00000676
રાજ્યોમાં	મળેલ	હાર	પર	1	0.00000676
રાષ્ટ્રપતિ	અંકલેશ્વર	આવી	પહોંચ્યાં	1	0.00000676
રાષ્ટ્રપતિએ	ગાંધીજીની	પ્રતિમાનું	પણ	1	0.00000676
રાહ	જોઈ	રહ્યું	,	1	0.00000676
રાહુલ	ગાંધી	દ્વારા	પ્રથમ	1	0.00000676
રિજેક્શનના	ભયના	કારણે	તેમની	1	0.00000676
રિન્યૂએબલ	એનર્જી	ક્ષેત્રમાં	આગામી	1	0.00000676
રિસર્ચ	ઇન્સ્ટિટયૂટ	ડબ્લ્યૂઆરઆઇ	એ	1	0.00000676
રીટા	અને	વિરસિંહને	ત્યાં	1	0.00000676
રીતે	એક	વૃદ્ધ	મહિલાને	1	0.00000676
રીતે	પૂજન	કરવું	તેના	1	0.00000676
રીતે	રોકશે	,	અને	1	0.00000676
રૂપિયાની	ગ્રાન્ટ	આપે	છે	1	0.00000676
રૂા	.	૧.	૯૭	1	0.00000676
રૂા	.	૧૦.	૪૨	1	0.00000676
રૂા	.	૧૫.	૬૦	1	0.00000676
રૂા	.	૮.	૪૫	1	0.00000676
રૃપીયા	ચુકવ્યા	વગર	પોતાની	1	0.00000676
રૃપીયાની	તુવેરો	ખરીદી	કર્યા	1	0.00000676
રોકશે	,	અને	શું	1	0.00000676
રોજ	અવસાન	પામેલ	છે	1	0.00000676
રોજ	સાંજે	૪	થી	1	0.00000676
રોજગારીની	તક	મળી	રહેશે	1	0.00000676
રોજગારીની	નવી	તકો	સર્જાવાની	1	0.00000676
રોષ	ને	ગુસ્સો	જોવા	1	0.00000676
લઇ	જવાની	જરૂર	છે	1	0.00000676
લઇ	શકે	છે	ઘણા	1	0.00000676
લઈને	ચિંતા	થઈ	શકે	1	0.00000676
લખશે	તે	પહેલાં	પહેલાંના	1	0.00000676
લખી	ન	હતી	અને	1	0.00000676
લગભગ	30,000	બાળકો	બંધ	1	0.00000676
લગભગ	359	.	બાળ	1	0.00000676
લગભગ	પૂરી	થઈ	ગઈ	1	0.00000676
લઘુતમ	મર્યાદા	લઇ	જવાની	1	0.00000676
લાઇસન્સવાળા	ડ્રાઇવરોને	તેની	રાજ્ય	1	0.00000676
લાખ	રોજગારીની	નવી	તકો	1	0.00000676
લાગણી	ઉત્પન્ન	થવા	લાગે	1	0.00000676
લાગે	છે	.	મોરબીના	1	0.00000676
લાગે	છે	કે	તેઓ	1	0.00000676
લિધો	છે	?	.	1	0.00000676
લીધો	,	જણાવ્યું	હતું	1	0.00000676
લીધો	છે	.	યાત્રા	1	0.00000676
લીમડી	તેમજ	ઝાલોદના	બૂટલેગરો	1	0.00000676
લેતાં	હાલ	સમગ્ર	શહેરમાં	1	0.00000676
લેનારા	80	દર્દીઓમાં	આ	1	0.00000676
લેબર	સ્ટેટિસ્ટિક્સ	અનુસાર	,	1	0.00000676
લેવા	માગતા	હતા	.	1	0.00000676
લોકપ્રિય	કીફિર	પર	અનલોડ	1	0.00000676
લોકાર્પણ	કર્યું	હતું	.	1	0.00000676
લોકો	પેટની	વિસ્તારમાં	તેમના	1	0.00000676
લોકો	માટે	ઉપયોગી	છે	1	0.00000676
લોકો	સ્મિત	આપીને	!	1	0.00000676
લોકોથી	ક્યારેય	સારું	પ્રદર્શન	1	0.00000676
લોકોના	જનાદેશનો	સ્વાગત	કરીએ	1	0.00000676
લોકોનો	વિશ્વાસ	ફરીથી	જીતીવા	1	0.00000676
લોડ	માટે	રચાયેલ	છે	1	0.00000676
વખત	.	તમારા	માટે	1	0.00000676
વખત	સાંભળો	છો	જે	1	0.00000676
વગર	પોતાની	દુકાન	બંધ	1	0.00000676
વચન	આપ્યું	હતું	કે	1	0.00000676
વચ્ચેનો	પગાર	.	તેમજ	1	0.00000676
વજન	આગળ	યોનિમાર્ગ	ખેંચે	1	0.00000676
વજન	ઘટાડવા	માટે	પ્રકાશનનો	1	0.00000676
વજન	લઇ	શકે	છે	1	0.00000676
વડોદરા	શહેર	જિલ્લામાં	ઠાલવે	1	0.00000676
વધારવા	બાબતે	એમણે	તમારો	1	0.00000676
વધારવાની	જરૂર	શુ	પડી	1	0.00000676
વધારે	થશે	.	અઠવાડિયાના	1	0.00000676
વધારો	થવાનો	છે	.	1	0.00000676
વધુ	મજા	હશે	.	1	0.00000676
વધુ	લોકપ્રિય	કીફિર	પર	1	0.00000676
વધુ	સારો	ભાવ	આપીશ	1	0.00000676
વયના	લોકો	માટે	ઉપયોગી	1	0.00000676
વર્ગના	સપોર્ટથી	સ્થિતિ	સુખદ	1	0.00000676
વર્લ્ડ	રિસર્ચ	ઇન્સ્ટિટયૂટ	ડબ્લ્યૂઆરઆઇ	1	0.00000676
વર્ષ	સુધીની	સજા	કરવામાં	1	0.00000676
વર્ષના	યોજનાકીય	કામની	તટસ્થ	1	0.00000676
વર્ષમાં	૨૦૨૨	સુધીમાં	૩.	1	0.00000676
વર્ષે	અમેરિકામાં	32,000	થી	1	0.00000676
વલણ	ધરાવતા	તરુણો	એક	1	0.00000676
વલણ	વ્યક્ત	કરી	શકે	1	0.00000676
વસાવા	તમારા	પક્ષના	પાલિકા	1	0.00000676
વસ્તુઓ	પરત	ફર્યા	હતા	1	0.00000676
વા	લેનારા	80	દર્દીઓમાં	1	0.00000676
વાતને	લઈને	ચિંતા	થઈ	1	0.00000676
વાતો	ફરી	વખત	સાંભળો	1	0.00000676
વાય	એસ	પી	મનોહરસિહ	1	0.00000676
વાયરસના	ભયને	ધ્યાનમાં	રાખીને	1	0.00000676
વિકલ્પ	પસંદ	કરો	જે	1	0.00000676
વિકલ્પરૂપે	આ	ક્ષેત્રે	રોજગારીની	1	0.00000676
વિકાસના	કામો	માટે	કરોડો	1	0.00000676
વિતાવવો	ઉપયોગી	છે	,	1	0.00000676
વિદેશી	દારૃનો	મોટાપાયે	જથ્થો	1	0.00000676
વિનોદ	,	દિલીપ	અને	1	0.00000676
વિપક્ષના	સરકાર	પર	આરોપ	1	0.00000676
વિરસિંહને	ત્યાં	ઉતારવામાં	આવે	1	0.00000676
વિવાહનો	શુભ	યોગ	બની	1	0.00000676
વિશે	ઘણીબધી	ચર્ચા	કરવામાં	1	0.00000676
વિશે	પ્રકાશ	પાડીશું	.	1	0.00000676
વિશ્વના	દ્રષ્ટિ	વ્યાપક	તાલીમ	1	0.00000676
વિશ્વાસ	ફરીથી	જીતીવા	માટે	1	0.00000676
વિસ્તારના	ગરીબ	આદીવાસી	ખેડુતોને	1	0.00000676
વિસ્તારમાં	તેમના	વજન	લઇ	1	0.00000676
વીણાએ	કહ્યુ	હતું	કે	1	0.00000676
વીમા	કાયદાઓએ	તમામ	લાઇસન્સવાળા	1	0.00000676
વીમા	દરોમાં	પરિણમી	શકે	1	0.00000676
વીમા	પૉલિસી	લખશે	તે	1	0.00000676
વીમા	પ્રદાતાઓ	તમને	એક	1	0.00000676
વીમાનો	પુરાવો	જોઈએ	.	1	0.00000676
વૃદ્ધ	મહિલાને	કે	આ	1	0.00000676
વૃદ્ધિ	પામી	રહેલા	રિન્યૂએબલ	1	0.00000676
વેગનઆર	કારમાં	આગ	ભરૂચથી	1	0.00000676
વેચાણો	પર	ઉઘરાવેલ	રૂા	1	0.00000676
વેધક	સવાલો	પત્રિકાના	માધ્યમથી	1	0.00000676
વેપારીઓને	રૂા	.	૮.	1	0.00000676
વેરા	વધારવા	બાબતે	એમણે	1	0.00000676
વેરાકીય	આવકને	નુકશાન	પહોંચાડેલ	1	0.00000676
વેરાવળ	હરસુખલાલ	નાથાલાલ	આશરા	1	0.00000676
વેરાશાખ	તબદીલ	કરેલ	તથા	1	0.00000676
વેરો	સરકારમાં	જમા	કરાવેલ	1	0.00000676
વૈશ્વિક	સંશોધન	સંસ્થા	વર્લ્ડ	1	0.00000676
વોટર	સપ્લાયરની	યોજના	બે	1	0.00000676
વ્યક્ત	કરી	શકે	છે	1	0.00000676
વ્યક્તિગત	ઉષ્ણતા	બિંદુ	આઇટીપી	1	0.00000676
વ્યવહારો	દર્શાવી	અન્ય	વેપારીઓને	1	0.00000676
વ્યસ્ત	છે	.	સરકાર	1	0.00000676
વ્યાપક	તાલીમ	!	કોઈ	1	0.00000676
વ્યાપક	સર્મથન	મળ્યુ	હતુ	1	0.00000676
શકે	.	આમ	આ	1	0.00000676
શકે	છે	.	કર્ક	1	0.00000676
શકે	છે	.	કેન્દ્રીય	1	0.00000676
શકે	છે	.	ખુબજ	1	0.00000676
શકે	છે	.	વલણ	1	0.00000676
શકે	છે	ઘણા	કરતાં	1	0.00000676
શક્યત	જૂન	મહિનામાં	શરૂ	1	0.00000676
શક્યતા	છે	.	ખાસ	1	0.00000676
શબ્દો	,	અને	બે	1	0.00000676
શરૂ	કર્યું	છે	.	1	0.00000676
શરૂ	કર્યું	હતું	.	1	0.00000676
શરૂ	થશે	.	વીણાએ	1	0.00000676
શહેર	જિલ્લામાં	ઠાલવે	છે	1	0.00000676
શહેર	ભથ્થું	,	પ્રોવિડન્ટ	1	0.00000676
શહેરમાં	ભારે	ચકચાર	મચી	1	0.00000676
શામળાજી	બોર્ડર	થઈ	હિંમતનગર	1	0.00000676
શાસ્ત્રોમાં	ધનતેરસ	વિશે	ઘણીબધી	1	0.00000676
શીખ્યા	સાથે	રહેવા	શરૂ	1	0.00000676
શુ	ગુટર	ગુ	કરે	1	0.00000676
શુ	પડી	.	સહીત	1	0.00000676
શું	અમિતાભ	બચ્ચના	ટ્વિટર	1	0.00000676
શુભ	ના	હોવાથી	ટાળી	1	0.00000676
શુભ	યોગ	બની	રહ્યો	1	0.00000676
સંકેત	સામે	ટ્વિટર	કોઈ	1	0.00000676
સંપત્તિ	પાછા	આવ્યા	અને	1	0.00000676
સંબંધિત	છે	,	સાંજે	1	0.00000676
સંમત	,	ચોરી	વસ્તુઓ	1	0.00000676
સંશોધન	સંસ્થા	વર્લ્ડ	રિસર્ચ	1	0.00000676
સંસદમાં	ઉઠ્યો	,	વિપક્ષના	1	0.00000676
સંસ્થા	વર્લ્ડ	રિસર્ચ	ઇન્સ્ટિટયૂટ	1	0.00000676
સગર્ભા	સ્ત્રીઓ	અને	ખૂબ	1	0.00000676
સગર્ભાવસ્થામાં	ઠંડીથી	ઇન્હેલેશન	ડીપીટી	1	0.00000676
સજા	કરવામાં	આવી	છે	1	0.00000676
સજ્જન	તેમને	જણાવ્યું	કે	1	0.00000676
સજ્જન	શીખ્યા	સાથે	રહેવા	1	0.00000676
સત્તાધીશો	અને	નેતાઓને	કરતા	1	0.00000676
સત્ય	દર્શાવવામાં	આવે	.	1	0.00000676
સદ્ગતનું	ટેલીફોનીક	બેસણુ	તા	1	0.00000676
સપોર્ટથી	સ્થિતિ	સુખદ	રહેશે	1	0.00000676
સપ્લાઈ	થાય	છે	.	1	0.00000676
સપ્લાયરની	યોજના	બે	પ્લેટ	1	0.00000676
સભ્યોએ	ભાજપ	સાથે	મળી	1	0.00000676
સમગ્ર	શહેરમાં	ભારે	ચકચાર	1	0.00000676
સમજશક્તિ	,	અમને	આસપાસ	1	0.00000676
સમજાવેલું	છે	.	અહીંયાં	1	0.00000676
સમય	શુભ	ના	હોવાથી	1	0.00000676
સમયમાં	તઘલખી	નિર્ણયો	સામે	1	0.00000676
સમૃદ્ધ	હતા	.	ઉખાણાઓ	1	0.00000676
સરકાર	પર	આરોપ	આ	1	0.00000676
સરકાર	વિકાસના	કામો	માટે	1	0.00000676
સરકારની	વેરાકીય	આવકને	નુકશાન	1	0.00000676
સરકારમાં	જમા	કરાવેલ	નથી	1	0.00000676
સરદાર	પટેલ	હોસ્પિટલ	એન્ડ	1	0.00000676
સરેરાશ	પગાર	55,040	હતો	1	0.00000676
સર્જાવાની	શક્યતા	છે	.	1	0.00000676
સર્મથન	મળ્યુ	હતુ	,	1	0.00000676
સવાલો	પત્રિકાના	માધ્યમથી	સત્તાધીશો	1	0.00000676
સહીત	અનેક	વેધક	સવાલો	1	0.00000676
સાંચોર	તેમજ	પાલનપુર	થઈ	1	0.00000676
સાંજે	ચા	અને	રમુજી	1	0.00000676
સાંજે	૪	થી	૬	1	0.00000676
સાંભળો	છો	જે	ક્યારેક	1	0.00000676
સાંસદ	અહેમદ	પટેલ	હાજર	1	0.00000676
સાગબારા	વિસ્તારના	ગરીબ	આદીવાસી	1	0.00000676
સાચી	હકીકત	જણાશે	.	1	0.00000676
સાથે	ઘર	એક	સંપત્તિ	1	0.00000676
સાથે	પાસે	આવ્યા	.	1	0.00000676
સાથે	ભાગી	જઈ	બંને	1	0.00000676
સાથે	મળી	શુ	ગુટર	1	0.00000676
સાથે	રહેવા	શરૂ	કર્યું	1	0.00000676
સાથે	વધુ	મજા	હશે	1	0.00000676
સાથે	સ્વતંત્ર	,	બે	1	0.00000676
સાથે	હરાવ્યું	શરૂ	કર્યું	1	0.00000676
સામે	જનતાએ	જ	અવાઝ	1	0.00000676
સામે	ટ્વિટર	કોઈ	નિવેદન	1	0.00000676
સારવાર	.	સજ્જન	તેમને	1	0.00000676
સારા	જૂના	માણસ	સાથે	1	0.00000676
સારી	રીતે	એક	વૃદ્ધ	1	0.00000676
સારું	પ્રદર્શન	નહીં	કરી	1	0.00000676
સારું	બદલો	લેવા	માગતા	1	0.00000676
સારો	ભાવ	આપીશ	તેમ	1	0.00000676
સારો	હતો	.	સગર્ભાવસ્થામાં	1	0.00000676
સિંધિયાની	જન	આશિર્વાદ	યાત્રા	1	0.00000676
સિન્ડ્રોમ	જોવા	મળે	છે	1	0.00000676
સિવાય	જે	શક્યત	જૂન	1	0.00000676
સિસ્ટમ	માટે	,	પ્લેટ	1	0.00000676
સીરિઝમાં	સત્ય	દર્શાવવામાં	આવે	1	0.00000676
સુખદ	રહેશે	.	કેટલાક	1	0.00000676
સુચના	અને	ડી	વાય	1	0.00000676
સુધી	આવ્યા	અને	કહ્યું	1	0.00000676
સુધી	તેઓ	તમામ	ખેડૂતો	1	0.00000676
સુધીની	સજા	કરવામાં	આવી	1	0.00000676
સુધીમાં	૩.	૩૦	લાખ	1	0.00000676
સુનાવણી	,	જૂના	માણસ	1	0.00000676
સુનિલ	,	વિનોદ	,	1	0.00000676
સુપર	મોડલ	સિવાય	જે	1	0.00000676
સુભાષ	અગ્રવાલે	ખેડુતોને	રૃપીયા	1	0.00000676
સેના	દ્વારા	બંધનુ	એલાન	1	0.00000676
સૌથી	વધુ	લોકપ્રિય	કીફિર	1	0.00000676
સ્ક્રિપ	થી	ફેલો	સ્થાને	1	0.00000676
સ્ટેટિસ્ટિક્સ	અનુસાર	,	2008	1	0.00000676
સ્ટેટ્સ	બ્યુરો	ઓફ	લેબર	1	0.00000676
સ્ટેશનમાં	પ્રાણી	ક્રૂરતાનો	કેસ	1	0.00000676
સ્ત્રીઓ	અને	ખૂબ	જ	1	0.00000676
સ્થાનીક	દેડીયાપાડા	પોલીસ	તેમજ	1	0.00000676
સ્થાને	પહોંચી	ગયું	અને	1	0.00000676
સ્થાપિત	થયેલ	છે	.	1	0.00000676
સ્થિતિ	સુખદ	રહેશે	.	1	0.00000676
સ્મિત	આપીને	!	નર્મદા	1	0.00000676
સ્વતંત્ર	,	બે	તબક્કા	1	0.00000676
સ્વતંત્ર	યોજના	મુજબ	કરવામાં	1	0.00000676
સ્વતંત્રતા	લખી	ન	હતી	1	0.00000676
સ્વવેન	માટે	ઊંચા	જોખમ	1	0.00000676
સ્વવેના	મુદ્રામાં	તે	વલણ	1	0.00000676
સ્વાગત	કરીએ	છે	અને	1	0.00000676
હકીકત	જણાશે	.	ધારાસભ્ય	1	0.00000676
હતા	.	ઉખાણાઓ	બાળકો	1	0.00000676
હતા	.	જૂના	માણસ	1	0.00000676
હતા	.	તેના	બેગ	1	0.00000676
હતા	.	રાષ્ટ્રપતિએ	ગાંધીજીની	1	0.00000676
હતા	.	રિજેક્શનના	ભયના	1	0.00000676
હતા	અને	સમૃદ્ધ	હતા	1	0.00000676
હતાં	જ્યાં	તેમણે	સરદાર	1	0.00000676
હતી	.	જેને	પગલે	1	0.00000676
હતી	.	પછી	ખેડૂતો	1	0.00000676
હતી	અને	એસ્ટેટ	આપી	1	0.00000676
હતી	કે	સીરિઝમાં	સત્ય	1	0.00000676
હતી	ને	આ	આરોપી	1	0.00000676
હતુ	,	ત્યારે	બીજી	1	0.00000676
હતુ	.	જેને	વ્યાપક	1	0.00000676
હતું	.	અવાજ	સુનાવણી	1	0.00000676
હતું	.	આ	ઉદ્ઘાટન	1	0.00000676
હતું	.	જ્યારે	મોરારીબાપુએ	1	0.00000676
હતું	.	પ્રણવ	મુખરજીએ	1	0.00000676
હતું	કે	3	ડી	1	0.00000676
હતું	કે	તેઓ	હરાવ્યું	1	0.00000676
હતું	કે	યોગ્ય	શબ્દો	1	0.00000676
હતું	જ્યારે	આપ	તે	1	0.00000676
હતો	,	અથવા	કલાક	1	0.00000676
હતો	.	આરોપી	કલ્પેશ	1	0.00000676
હતો	.	તે	જ	1	0.00000676
હતો	.	પુરું	પાડવામાં	1	0.00000676
હતો	.	મિશિગનના	નો	1	0.00000676
હતો	.	સગર્ભાવસ્થામાં	ઠંડીથી	1	0.00000676
હતો	જેના	કારણે	ખેડુતોમા	1	0.00000676
હતો	ને	આ	મુદ્દે	1	0.00000676
હરસુખલાલ	નાથાલાલ	આશરા	ઉ	1	0.00000676
હરાવ્યું	અટકે	કરશે	.	1	0.00000676
હરાવ્યું	શરૂ	કર્યું	હતું	1	0.00000676
હરાવ્યું	સુધી	તેઓ	તમામ	1	0.00000676
હરીશભાઇ	માવાણીએ	ચાર્મી	ઇન્ડસ્ટ્રીઝના	1	0.00000676
હશે	.	ગ્રો	અને	1	0.00000676
હાઈકોર્ટના	નિર્દેશોના	પગલે	આ	1	0.00000676
હાજર	રહ્યા	હતા	.	1	0.00000676
હાર	પર	કોંગ્રેસ	અધ્યક્ષ	1	0.00000676
હાર્ટ	ઇન્સ્ટીટયૂટનું	લોકાર્પણ	કર્યું	1	0.00000676
હાલ	સમગ્ર	શહેરમાં	ભારે	1	0.00000676
હાલોલ	,	ગોધરા	,	1	0.00000676
હિંમતનગર	,	ગાંધીનગર	અને	1	0.00000676
હીટ	એક્સચેન્જો	સાથે	સ્વતંત્ર	1	0.00000676
હીટ	એક્સ્ચેન્જર	પૂરી	પાડવામાં	1	0.00000676
હીટિંગ	સિસ્ટમ	માટે	,	1	0.00000676
હીરેશનભાઇ	,	ચેતનભાઇ	ના	1	0.00000676
હું	ઇચ્છતી	હતી	કે	1	0.00000676
હેઠળ	પોલીસની	૩	જેટલી	1	0.00000676
હોઈ	શકે	છે	.	1	0.00000676
હોટ	વોટર	સપ્લાયરની	યોજના	1	0.00000676
હોતુ	હતું	જ્યારે	આપ	1	0.00000676
હોય	છે	.	પણ	1	0.00000676
હોવાથી	ટાળી	દેવી	યોગ્ય	1	0.00000676
હોસ્પિટલ	એન્ડ	હાર્ટ	ઇન્સ્ટીટયૂટનું	1	0.00000676
હોસ્પિટલની	તકતીનું	અનાવરણ	કર્યું	1	0.00000676
હોસ્પિટલનું	અવલોકન	કર્યું	હતું	1	0.00000676
૧.	૯૭	કરોડોનો	વેરો	1	0.00000676
૧૦.	૪૨	કરોડની	સરકારની	1	0.00000676
૧૫.	૬૦	કરોડના	બોગસ	1	0.00000676
૨૦૨૨	સુધીમાં	૩.	૩૦	1	0.00000676
૩	જેટલી	અલગ	અલગ	1	0.00000676
૩	ના	રોજ	અવસાન	1	0.00000676
૩.	૩૦	લાખ	રોજગારીની	1	0.00000676
૩૦	લાખ	રોજગારીની	નવી	1	0.00000676
૪	થી	૬	રાખેલ	1	0.00000676
૪૨	કરોડની	સરકારની	વેરાકીય	1	0.00000676
૪૫	કરોડની	વેરાશાખ	તબદીલ	1	0.00000676
૬	રાખેલ	છે	.	1	0.00000676
૬૦	કરોડના	બોગસ	બિલીંગના	1	0.00000676
૭	થી	૮	કરોડ	1	0.00000676
૭	પ	નિવૃત	જીઇબી	1	0.00000676
૮	કરોડ	રૃપીયાની	તુવેરો	1	0.00000676
૮.	૪૫	કરોડની	વેરાશાખ	1	0.00000676
૯૭	કરોડોનો	વેરો	સરકારમાં	1	0.00000676
