w1	w2	w3	count	gt_prob
કર્યું	હતું	.	4	0.00276434
શકે	છે	.	4	0.00276434
.	એસ	.	2	0.00138217
.	બી	.	2	0.00138217
.	સી	.	2	0.00138217
આ	આરોપી	ને	2	0.00138217
આરોપી	ને	ઝડપી	2	0.00138217
આવી	છે	.	2	0.00138217
આવે	છે	,	2	0.00138217
એલ	.	સી	2	0.00138217
કરવામાં	આવશે	.	2	0.00138217
કારણે	તેમની	અંદર	2	0.00138217
છે	.	આ	2	0.00138217
છે	.	કેન્દ્રીય	2	0.00138217
છે	.	તેમણે	2	0.00138217
ઝડપી	પાડવા	માટે	2	0.00138217
ને	ઝડપી	પાડવા	2	0.00138217
ભયના	કારણે	તેમની	2	0.00138217
સી	.	બી	2	0.00138217
!	કોઈ	કંપની	1	0.00001672
!	નર્મદા	જીલ્લાના	1	0.00001672
,	2008	માં	1	0.00001672
,	અઠવાડિયામાં	એક	1	0.00001672
,	અથવા	કલાક	1	0.00001672
,	અને	બે	1	0.00001672
,	અને	વજન	1	0.00001672
,	અને	શું	1	0.00001672
,	અમને	આસપાસ	1	0.00001672
,	આણંદ	,	1	0.00001672
,	ઉદાહરણ	તરીકે	1	0.00001672
,	એ	જોવું	1	0.00001672
,	એમ	અમેરિકાની	1	0.00001672
,	ગાંધીનગર	અને	1	0.00001672
,	ગોધરા	,	1	0.00001672
,	ચેતનભાઇ	ના	1	0.00001672
,	ચોરી	વસ્તુઓ	1	0.00001672
,	જણાવ્યું	હતું	1	0.00001672
,	જૂના	માણસ	1	0.00001672
,	જે	100	1	0.00001672
,	જ્યાંથી	અમદાવાદ	1	0.00001672
,	તેઓ	તેને	1	0.00001672
,	તેને	જોવા	1	0.00001672
,	તેમણે	તે	1	0.00001672
,	તેમણે	વચન	1	0.00001672
,	તેમાં	એ	1	0.00001672
,	ત્યારે	બીજી	1	0.00001672
,	ત્રિપુરા	,	1	0.00001672
,	દિલીપ	અને	1	0.00001672
,	નડિયાદ	અને	1	0.00001672
,	નાગાલેન્ડ	અને	1	0.00001672
,	નેતાઓ	તો	1	0.00001672
,	પંપનું	જૂથ	1	0.00001672
,	પ્રોવિડન્ટ	ફંડ	1	0.00001672
,	પ્લેટ	હીટ	1	0.00001672
,	બે	તબક્કા	1	0.00001672
,	માત્ર	સુપર	1	0.00001672
,	મિલનભાઇ	હરીશભાઇ	1	0.00001672
,	વિનોદ	,	1	0.00001672
,	વિપક્ષના	સરકાર	1	0.00001672
,	વેરા	વધારવા	1	0.00001672
,	વ્યક્તિગત	ઉષ્ણતા	1	0.00001672
,	શહેર	ભથ્થું	1	0.00001672
,	સગર્ભા	સ્ત્રીઓ	1	0.00001672
,	સમજશક્તિ	,	1	0.00001672
,	સાંજે	ચા	1	0.00001672
,	હાલોલ	,	1	0.00001672
.	અઠવાડિયાના	અંતે	1	0.00001672
.	અવાજ	સુનાવણી	1	0.00001672
.	અહીંયાં	આપણે	1	0.00001672
.	આ	અઠવાડિયે	1	0.00001672
.	આ	આંકડો	1	0.00001672
.	આ	ઉદ્ઘાટન	1	0.00001672
.	આ	કિસ્સામાં	1	0.00001672
.	આ	કેદીઓને	1	0.00001672
.	આ	ઠેકાઓ	1	0.00001672
.	આઇ	એચ	1	0.00001672
.	આબુથી	આવતો	1	0.00001672
.	આમ	આ	1	0.00001672
.	આરોપી	કલ્પેશ	1	0.00001672
.	આવા	કપરા	1	0.00001672
.	ઉખાણાઓ	બાળકો	1	0.00001672
.	એલ	.	1	0.00001672
.	કર્ક	મહિલા	1	0.00001672
.	કાગદડી	નજીક	1	0.00001672
.	કાર	વીમા	1	0.00001672
.	કારણ	કે	1	0.00001672
.	કેટલાક	જાતકો	1	0.00001672
.	કેન્દ્રીય	કર્મચારીઓને	1	0.00001672
.	કેન્દ્રીય	મંત્રી	1	0.00001672
.	કોર્ટે	આ	1	0.00001672
.	ખાસ	કરીને	1	0.00001672
.	ખુબજ	મુશ્કેલ	1	0.00001672
.	ગાર્ગી	કૉલેજમાં	1	0.00001672
.	ગ્રો	અને	1	0.00001672
.	જૂના	માણસ	1	0.00001672
.	જેને	પગલે	1	0.00001672
.	જેને	વ્યાપક	1	0.00001672
.	જોકે	,	1	0.00001672
.	જ્યારે	મોરારીબાપુએ	1	0.00001672
.	ડી	.	1	0.00001672
.	તમારા	માટે	1	0.00001672
.	તે	જ	1	0.00001672
.	તેઓ	મેમરી	1	0.00001672
.	તેના	બેગ	1	0.00001672
.	તેમજ	ત્રણ	1	0.00001672
.	તેમણે	કહ્યું	1	0.00001672
.	તેમણે	કુલ	1	0.00001672
.	તેમણે	તેમને	1	0.00001672
.	ત્યાં	તેને	1	0.00001672
.	ત્યારબાદ	હોસ્પિટલનું	1	0.00001672
.	દબાણના	ડ્રોપની	1	0.00001672
.	દેશના	ઝડપથી	1	0.00001672
.	ધન	ખરીદવાનું	1	0.00001672
.	ધારાસભ્ય	પી	1	0.00001672
.	નમૂનારૂપ	ઉત્તર	1	0.00001672
.	ના	પી	1	0.00001672
.	પછી	ખેડૂતો	1	0.00001672
.	પછી	સ્ક્રિપ	1	0.00001672
.	પણ	હું	1	0.00001672
.	પી	મહેન્દ્	1	0.00001672
.	પુરાવા	આપવા	1	0.00001672
.	પુરું	પાડવામાં	1	0.00001672
.	પ્રણવ	મુખરજીએ	1	0.00001672
.	બદલામાં	,	1	0.00001672
.	બાળ	કેદીઓને	1	0.00001672
.	ભાજપના	કાર્યકરોએ	1	0.00001672
.	મિશિગનના	નો	1	0.00001672
.	મોરબીના	નાગડાવાસ	1	0.00001672
.	યાત્રા	માટે	1	0.00001672
.	યુનાઇટેડ	સ્ટેટ્સ	1	0.00001672
.	રપ	ના	1	0.00001672
.	રર	૩	1	0.00001672
.	રાજપીપળા	પાલિકાના	1	0.00001672
.	રાજસ્થાનના	બિચ્છુવાડાથી	1	0.00001672
.	રાજ્યના	બાળગૃહોમાં	1	0.00001672
.	રાષ્ટ્રપતિએ	ગાંધીજીની	1	0.00001672
.	રિજેક્શનના	ભયના	1	0.00001672
.	વલણ	ધરાવતા	1	0.00001672
.	વસાવા	તમારા	1	0.00001672
.	વા	લેનારા	1	0.00001672
.	વીણાએ	કહ્યુ	1	0.00001672
.	સંમત	,	1	0.00001672
.	સગર્ભાવસ્થામાં	ઠંડીથી	1	0.00001672
.	સજ્જન	તેમને	1	0.00001672
.	સદ્ગતનું	ટેલીફોનીક	1	0.00001672
.	સરકાર	વિકાસના	1	0.00001672
.	સહીત	અનેક	1	0.00001672
.	સૌથી	વધુ	1	0.00001672
.	હાઈકોર્ટના	નિર્દેશોના	1	0.00001672
.	હીટિંગ	સિસ્ટમ	1	0.00001672
.	હોટ	વોટર	1	0.00001672
.	૧.	૯૭	1	0.00001672
.	૧૦.	૪૨	1	0.00001672
.	૧૫.	૬૦	1	0.00001672
.	૭	પ	1	0.00001672
.	૮.	૪૫	1	0.00001672
...	આપણાં	શાસ્ત્રોમાં	1	0.00001672
...	ઉત્તર	પ્રદેશમાં	1	0.00001672
10	વર્ષના	યોજનાકીય	1	0.00001672
100	લોડ	માટે	1	0.00001672
2008	માં	અપરાધ	1	0.00001672
23.	97	ડોલર	1	0.00001672
3	ડી	ફિલ્મમાં	1	0.00001672
30,000	બાળકો	બંધ	1	0.00001672
32,000	થી	83,000	1	0.00001672
359	.	બાળ	1	0.00001672
55,040	હતો	,	1	0.00001672
80	દર્દીઓમાં	આ	1	0.00001672
83,000	ડોલરની	વચ્ચેનો	1	0.00001672
97	ડોલર	હતો	1	0.00001672
?	.	આવા	1	0.00001672
અંકલેશ્વર	આવી	પહોંચ્યાં	1	0.00001672
અંતે	કોઈ	વાતને	1	0.00001672
અંદર	આત્મવિશ્વાસનો	અભાવ	1	0.00001672
અંદર	એવી	લાગણી	1	0.00001672
અગવડતાને	કારણે	નહીં	1	0.00001672
અગ્રવાલને	પકડવા	માટે	1	0.00001672
અગ્રવાલે	ખેડુતોને	રૃપીયા	1	0.00001672
અટકે	કરશે	.	1	0.00001672
અઠવાડિયાના	અંતે	કોઈ	1	0.00001672
અઠવાડિયામાં	એક	વખત	1	0.00001672
અઠવાડિયે	ખર્ચો	વધારે	1	0.00001672
અથવા	કલાક	દીઠ	1	0.00001672
અધ્યક્ષ	રાહુલ	ગાંધી	1	0.00001672
અનરજીસ્ટર્ડ	પર્સન	પાસેથી	1	0.00001672
અનલોડ	છે	.	1	0.00001672
અનાવરણ	કર્યું	તહું	1	0.00001672
અનાવરણ	કર્યું	હતું	1	0.00001672
અનુભવ	નવો	અને	1	0.00001672
અનુસાર	,	2008	1	0.00001672
અને	અમદાવાદમાં	બૂટલેગર	1	0.00001672
અને	આ	ક્ષેત્રના	1	0.00001672
અને	એસ્ટેટ	આપી	1	0.00001672
અને	કહ્યું	જાદુ	1	0.00001672
અને	ખૂબ	જ	1	0.00001672
અને	ગ્રેચ્યુઇટીમાં	પણ	1	0.00001672
અને	જૂના	માણસ	1	0.00001672
અને	ડી	વાય	1	0.00001672
અને	તેઓ	એટલી	1	0.00001672
અને	તેની	પત્ની	1	0.00001672
અને	તેને	હરાવ્યું	1	0.00001672
અને	દાન	કરવાનું	1	0.00001672
અને	નેતાઓને	કરતા	1	0.00001672
અને	પર્સ	પરત	1	0.00001672
અને	પુખ્ત	વયના	1	0.00001672
અને	બે	યુવાન	1	0.00001672
અને	મેઘાલયમાં	લોકોના	1	0.00001672
અને	રબારી	દ્વારા	1	0.00001672
અને	રમુજી	ઉખાણાઓ	1	0.00001672
અને	રાજ્યસભાના	સાંસદ	1	0.00001672
અને	લોકો	સ્મિત	1	0.00001672
અને	વજન	ઘટાડવા	1	0.00001672
અને	વડોદરા	શહેર	1	0.00001672
અને	વિરસિંહને	ત્યાં	1	0.00001672
અને	વિશ્વના	દ્રષ્ટિ	1	0.00001672
અને	શું	અમિતાભ	1	0.00001672
અને	સમૃદ્ધ	હતા	1	0.00001672
અને	સારો	હતો	1	0.00001672
અનેક	વેધક	સવાલો	1	0.00001672
અન્ય	વેપારીઓને	રૂા	1	0.00001672
અપરાધ	દ્રશ્ય	તપાસકર્તાઓ	1	0.00001672
અપાયુ	હતુ	.	1	0.00001672
અભાવ	દેખાવા	લાગે	1	0.00001672
અભિપ્રાય	લિધો	છે	1	0.00001672
અમદાવાદ	તેમજ	ઉત્તર	1	0.00001672
અમદાવાદમાં	બૂટલેગર	સુનિલ	1	0.00001672
અમને	આસપાસ	મન	1	0.00001672
અમિતાભ	બચ્ચના	ટ્વિટર	1	0.00001672
અમેરિકાની	વૈશ્વિક	સંશોધન	1	0.00001672
અમેરિકામાં	32,000	થી	1	0.00001672
અર્પણ	કર્યા	હતા	1	0.00001672
અલગ	અલગ	ટીમો	1	0.00001672
અલગ	ટીમો	બનાવી	1	0.00001672
અવલોકન	કર્યું	હતું	1	0.00001672
અવસાન	પામેલ	છે	1	0.00001672
અવાજ	સુનાવણી	,	1	0.00001672
અવાઝ	ઉઠાવવો	પડશે	1	0.00001672
અહીંયાં	આપણે	કઈ	1	0.00001672
અહેમદ	પટેલ	હાજર	1	0.00001672
આ	અઠવાડિયે	ખર્ચો	1	0.00001672
આ	આંકડો	માટે	1	0.00001672
આ	આરોપીને	મહારાષ્ટ્રથી	1	0.00001672
આ	ઉદ્ઘાટન	પ્રસંગે	1	0.00001672
આ	કિસ્સામાં	,	1	0.00001672
આ	કેદીઓને	ત્રણ	1	0.00001672
આ	કેદીઓને	બાળગૃહમાંથી	1	0.00001672
આ	ક્ષેત્રના	લોકોનો	1	0.00001672
આ	ક્ષેત્રે	રોજગારીની	1	0.00001672
આ	ખાસ	યુઝર્સને	1	0.00001672
આ	જાદુઈ	ભેટ	1	0.00001672
આ	ઠેકાઓ	પરથી	1	0.00001672
આ	નિર્ણય	કોરોના	1	0.00001672
આ	બધી	ફિલ્મો	1	0.00001672
આ	ભયના	કારણે	1	0.00001672
આ	મુદ્દે	ભીલીસ્તાન	1	0.00001672
આ	સજ્જન	શીખ્યા	1	0.00001672
આ	સારા	જૂના	1	0.00001672
આ	સિન્ડ્રોમ	જોવા	1	0.00001672
આંકડો	માટે	,	1	0.00001672
આઇ	એચ	જી	1	0.00001672
આઇટીપી	નું	કામ	1	0.00001672
આખરે	આ	આરોપીને	1	0.00001672
આખરે	ત્રણ	રાજ્યોમાં	1	0.00001672
આગ	ભરૂચથી	રાષ્ટ્રપતિ	1	0.00001672
આગળ	યોનિમાર્ગ	ખેંચે	1	0.00001672
આગામી	પાંચ	વર્ષમાં	1	0.00001672
આણંદ	,	નડિયાદ	1	0.00001672
આત્મવિશ્વાસનો	અભાવ	દેખાવા	1	0.00001672
આદરી	હતી	.	1	0.00001672
આદીવાસી	ખેડુતોને	વધુ	1	0.00001672
આપ	તે	વાતો	1	0.00001672
આપઘાત	કરી	લેતાં	1	0.00001672
આપણાં	શાસ્ત્રોમાં	ધનતેરસ	1	0.00001672
આપણે	કઈ	રીતે	1	0.00001672
આપનાં	પેરેન્ટ્સે	આપને	1	0.00001672
આપને	કહી	હોય	1	0.00001672
આપવા	માટે	નિષ્ફળતા	1	0.00001672
આપવામાં	આવી	છે	1	0.00001672
આપી	.	પછી	1	0.00001672
આપી	ન	હતી	1	0.00001672
આપીને	!	નર્મદા	1	0.00001672
આપીશ	તેમ	કહી	1	0.00001672
આપે	છે	કે	1	0.00001672
આપે	છે	તો	1	0.00001672
આપ્યું	હતું	કે	1	0.00001672
આબુથી	આવતો	દારૃનો	1	0.00001672
આમ	,	મિલનભાઇ	1	0.00001672
આમ	આ	ભયના	1	0.00001672
આરોપ	આ	સારા	1	0.00001672
આરોપી	કલ્પેશ	અગ્રવાલને	1	0.00001672
આરોપીને	મહારાષ્ટ્રથી	ઝડપી	1	0.00001672
આવકને	નુકશાન	પહોંચાડેલ	1	0.00001672
આવતો	દારૃનો	જથ્થો	1	0.00001672
આવશે	.	આ	1	0.00001672
આવશે	.	હાઈકોર્ટના	1	0.00001672
આવા	કપરા	સમયમાં	1	0.00001672
આવી	પહોંચ્યાં	હતાં	1	0.00001672
આવે	.	નમૂનારૂપ	1	0.00001672
આવે	છે	.	1	0.00001672
આવેલી	છે	.	1	0.00001672
આવ્યા	.	ત્યાં	1	0.00001672
આવ્યા	અને	કહ્યું	1	0.00001672
આવ્યા	અને	તેઓ	1	0.00001672
આવ્યો	છે	.	1	0.00001672
આશરા	ઉ	.	1	0.00001672
આશિર્વાદ	યાત્રા	દરમિયાન	1	0.00001672
આશીર્વાદ	યાત્રા	દરમિયાન	1	0.00001672
આસપાસ	મન	અને	1	0.00001672
ઇચ્છતી	હતી	કે	1	0.00001672
ઇન્ડસ્ટ્રીઝના	નામે	રૂા	1	0.00001672
ઇન્સ્ટિટયૂટ	ડબ્લ્યૂઆરઆઇ	એ	1	0.00001672
ઇન્સ્ટીટયૂટનું	લોકાર્પણ	કર્યું	1	0.00001672
ઇન્હેલેશન	ડીપીટી	કંડલા	1	0.00001672
ઈન્દોરના	એક	પોલીસ	1	0.00001672
ઉ	.	૭	1	0.00001672
ઉખાણાઓ	એક	કપ	1	0.00001672
ઉખાણાઓ	બાળકો	અને	1	0.00001672
ઉઘરાવેલ	રૂા	.	1	0.00001672
ઉઠાવવો	પડશે	,	1	0.00001672
ઉઠ્યો	,	વિપક્ષના	1	0.00001672
ઉતારવામાં	આવે	છે	1	0.00001672
ઉત્તર	આમ	,	1	0.00001672
ઉત્તર	ગુજરાતમાં	દારૃ	1	0.00001672
ઉત્તર	પ્રદેશમાં	લગભગ	1	0.00001672
ઉત્પન્ન	થવા	લાગે	1	0.00001672
ઉદાહરણ	તરીકે	,	1	0.00001672
ઉદ્ઘાટન	પ્રસંગે	ગુજરાતના	1	0.00001672
ઉપયોગ	કરાયો	હતો	1	0.00001672
ઉપયોગી	છે	,	1	0.00001672
ઉપયોગી	છે	.	1	0.00001672
ઉપરાંત	મુસાફરી	ભથ્થું	1	0.00001672
ઉમળકાભેર	રહેતા	હતા	1	0.00001672
ઉષ્ણતા	બિંદુ	આઇટીપી	1	0.00001672
ઊંચા	જોખમ	પર	1	0.00001672
એ	કાર્ય	કરશે	1	0.00001672
એ	જણાવ્યું	છે	1	0.00001672
એ	જોવું	રસપ્રદ	1	0.00001672
એ	બીજા	લોકોથી	1	0.00001672
એક	કપ	સાથે	1	0.00001672
એક	નવી	કાર	1	0.00001672
એક	પોલીસ	સ્ટેશનમાં	1	0.00001672
એક	વખત	.	1	0.00001672
એક	વિકલ્પ	પસંદ	1	0.00001672
એક	વૃદ્ધ	મહિલાને	1	0.00001672
એક	સંપત્તિ	પાછા	1	0.00001672
એક	સ્વતંત્ર	યોજના	1	0.00001672
એક	સ્વવેના	મુદ્રામાં	1	0.00001672
એકનું	મોત	આ	1	0.00001672
એક્સચેન્જો	સાથે	સ્વતંત્ર	1	0.00001672
એક્સ્ચેન્જર	પૂરી	પાડવામાં	1	0.00001672
એચ	જી	ભરવાડ	1	0.00001672
એટલી	સારી	રીતે	1	0.00001672
એનર્જી	ક્ષેત્રમાં	આગામી	1	0.00001672
એન્જીનીયર	તે	હીરેશનભાઇ	1	0.00001672
એન્ડ	હાર્ટ	ઇન્સ્ટીટયૂટનું	1	0.00001672
એમ	અમેરિકાની	વૈશ્વિક	1	0.00001672
એમણે	તમારો	અભિપ્રાય	1	0.00001672
એલાન	પણ	અપાયુ	1	0.00001672
એવી	લાગણી	ઉત્પન્ન	1	0.00001672
એસ	.	આઇ	1	0.00001672
એસ	.	પી	1	0.00001672
એસ	પી	મનોહરસિહ	1	0.00001672
એસ્ટેટ	આપી	ન	1	0.00001672
ઓપી	કોહલી	અને	1	0.00001672
ઓફ	લેબર	સ્ટેટિસ્ટિક્સ	1	0.00001672
કંડલા	પોર્ટ	ટ્રસ્ટ	1	0.00001672
કંપની	તેઓ	સંબંધિત	1	0.00001672
કઈ	રીતે	પૂજન	1	0.00001672
કન્ટેનર	પાછળ	ધુસી	1	0.00001672
કપ	સાથે	વધુ	1	0.00001672
કપરા	સમયમાં	તઘલખી	1	0.00001672
કરતા	ખળભળાટ	મચ્યો	1	0.00001672
કરતાં	સ્વવેન	માટે	1	0.00001672
કરવા	માટે	,	1	0.00001672
કરવાની	માગણી	...	1	0.00001672
કરવાનું	છે	.	1	0.00001672
કરવાનું	મહત્ત્વ	પણ	1	0.00001672
કરવાનો	અનુભવ	નવો	1	0.00001672
કરવામાં	આવી	છે	1	0.00001672
કરવામાં	આવે	છે	1	0.00001672
કરવામાં	આવેલી	છે	1	0.00001672
કરવું	તેના	વિશે	1	0.00001672
કરશે	,	તેમાં	1	0.00001672
કરશે	.	સંમત	1	0.00001672
કરાયો	હતો	.	1	0.00001672
કરાવેલ	નથી	.	1	0.00001672
કરી	લેતાં	હાલ	1	0.00001672
કરી	શકે	.	1	0.00001672
કરી	શકે	છે	1	0.00001672
કરીએ	છે	અને	1	0.00001672
કરીને	ગામડાના	ગરીબોને	1	0.00001672
કરીને	ફરાર	થઇ	1	0.00001672
કરે	.	સૌથી	1	0.00001672
કરે	છે	,	1	0.00001672
કરેલ	તથા	અનરજીસ્ટર્ડ	1	0.00001672
કરો	જે	અગવડતાને	1	0.00001672
કરોડ	રૃપીયાની	તુવેરો	1	0.00001672
કરોડના	બોગસ	બિલીંગના	1	0.00001672
કરોડની	વેરાશાખ	તબદીલ	1	0.00001672
કરોડની	સરકારની	વેરાકીય	1	0.00001672
કરોડો	રૂપિયાની	ગ્રાન્ટ	1	0.00001672
કરોડોનો	વેરો	સરકારમાં	1	0.00001672
કર્ક	મહિલા	વર્ગના	1	0.00001672
કર્મચારીઓને	ડીએની	ઉપરાંત	1	0.00001672
કર્યા	પછી	કલ્પેશ	1	0.00001672
કર્યા	હતા	.	1	0.00001672
કર્યું	છે	.	1	0.00001672
કર્યું	તહું	.	1	0.00001672
કલાક	દીઠ	23.	1	0.00001672
કલ્પેશ	અગ્રવાલને	પકડવા	1	0.00001672
કલ્પેશ	સુભાષ	અગ્રવાલે	1	0.00001672
કહી	ને	૭	1	0.00001672
કહી	હોય	છે	1	0.00001672
કહ્યુ	હતું	કે	1	0.00001672
કહ્યું	કે	,	1	0.00001672
કહ્યું	જાદુ	અને	1	0.00001672
કાગદડી	નજીક	વેગનઆર	1	0.00001672
કામ	એક	સ્વતંત્ર	1	0.00001672
કામ	કરવાનો	અનુભવ	1	0.00001672
કામની	તટસ્થ	તપાસ	1	0.00001672
કામો	માટે	કરોડો	1	0.00001672
કાયદાઓએ	તમામ	લાઇસન્સવાળા	1	0.00001672
કાર	વીમા	પૉલિસી	1	0.00001672
કાર	વીમા	પ્રદાતાઓ	1	0.00001672
કારણ	કે	પેટના	1	0.00001672
કારણે	ખેડુતોમા	ભારે	1	0.00001672
કારણે	નહીં	કરે	1	0.00001672
કારમાં	આગ	ભરૂચથી	1	0.00001672
કાર્ય	કરશે	,	1	0.00001672
કાર્યકરોએ	જન	આશીર્વાદ	1	0.00001672
કિસ્સામાં	,	વ્યક્તિગત	1	0.00001672
કીફિર	પર	અનલોડ	1	0.00001672
કુલ	રૂા	.	1	0.00001672
કે	,	ત્રિપુરા	1	0.00001672
કે	3	ડી	1	0.00001672
કે	આ	જાદુઈ	1	0.00001672
કે	આ	સજ્જન	1	0.00001672
કે	ટ્વિટર	પોતાના	1	0.00001672
કે	તેઓ	ગમે	1	0.00001672
કે	તેઓ	હરાવ્યું	1	0.00001672
કે	નહીં	.	1	0.00001672
કે	પેટના	પ્રદેશમાં	1	0.00001672
કે	યોગ્ય	શબ્દો	1	0.00001672
કે	સીરિઝમાં	સત્ય	1	0.00001672
કેટલાક	જાતકો	માટે	1	0.00001672
કેદીઓને	ત્રણ	વર્ષ	1	0.00001672
કેદીઓને	બાળગૃહમાંથી	મુકત	1	0.00001672
કેદીઓને	મુક્ત	કરવામાં	1	0.00001672
કેન્દ્રીય	કર્મચારીઓને	ડીએની	1	0.00001672
કેન્દ્રીય	મંત્રી	જ્યોતિરાદિત્ય	1	0.00001672
કેવી	રીતે	રોકશે	1	0.00001672
કેસ	નોંધવામાં	આવ્યો	1	0.00001672
કૉલેજમાં	છેડતીનો	મામલો	1	0.00001672
કોંગ્રેસ	અધ્યક્ષ	રાહુલ	1	0.00001672
કોઈ	કંપની	તેઓ	1	0.00001672
કોઈ	નિવેદન	આપે	1	0.00001672
કોઈ	વાતને	લઈને	1	0.00001672
કોરોના	વાયરસના	ભયને	1	0.00001672
કોર્ટે	આ	નિર્ણય	1	0.00001672
કોહલી	અને	રાજ્યસભાના	1	0.00001672
ક્યારેક	આપનાં	પેરેન્ટ્સે	1	0.00001672
ક્યારેય	સારું	પ્રદર્શન	1	0.00001672
ક્રૂરતાનો	કેસ	નોંધવામાં	1	0.00001672
ક્ષેત્રના	લોકોનો	વિશ્વાસ	1	0.00001672
ક્ષેત્રમાં	આગામી	પાંચ	1	0.00001672
ક્ષેત્રે	રોજગારીની	તક	1	0.00001672
ખરીદવાનું	અને	દાન	1	0.00001672
ખરીદી	કર્યા	પછી	1	0.00001672
ખરીદી	મહિસાગર	,	1	0.00001672
ખરીદીઓનાં	વેચાણો	પર	1	0.00001672
ખર્ચો	વધારે	થશે	1	0.00001672
ખળભળાટ	મચ્યો	છે	1	0.00001672
ખવડાવી	,	તેમણે	1	0.00001672
ખાસ	કરીને	ગામડાના	1	0.00001672
ખાસ	યુઝર્સને	જતા	1	0.00001672
ખુબજ	મુશ્કેલ	હોતુ	1	0.00001672
ખૂબ	જ	મેદસ્વી	1	0.00001672
ખેંચે	છે	,	1	0.00001672
ખેડુતોને	રૃપીયા	ચુકવ્યા	1	0.00001672
ખેડુતોને	વધુ	સારો	1	0.00001672
ખેડુતોમા	ભારે	રોષ	1	0.00001672
ખેડૂતો	ઉમળકાભેર	રહેતા	1	0.00001672
ખેડૂતો	પોતાની	સ્વતંત્રતા	1	0.00001672
ખેતીના	વિકલ્પરૂપે	આ	1	0.00001672
ગઇ	છે	.	1	0.00001672
ગઈ	છે	,	1	0.00001672
ગમે	એ	કાર્ય	1	0.00001672
ગયું	અને	તેને	1	0.00001672
ગયો	હતો	જેના	1	0.00001672
ગરીબ	આદીવાસી	ખેડુતોને	1	0.00001672
ગરીબોને	ખેતીના	વિકલ્પરૂપે	1	0.00001672
ગાંધી	દ્વારા	પ્રથમ	1	0.00001672
ગાંધીજીની	પ્રતિમાનું	પણ	1	0.00001672
ગાંધીજીની	પ્રતિમાને	પુષ્પ	1	0.00001672
ગાંધીનગર	અને	અમદાવાદમાં	1	0.00001672
ગાડી	કન્ટેનર	પાછળ	1	0.00001672
ગામડાના	ગરીબોને	ખેતીના	1	0.00001672
ગામની	પરિણીતાએ	પણ	1	0.00001672
ગાર્ગી	કૉલેજમાં	છેડતીનો	1	0.00001672
ગુ	કરે	છે	1	0.00001672
ગુજરાતના	રાજ્યપાલ	ઓપી	1	0.00001672
ગુજરાતમાં	દારૃ	સપ્લાઈ	1	0.00001672
ગુટર	ગુ	કરે	1	0.00001672
ગુસ્સો	જોવા	મળ્યો	1	0.00001672
ગોધરા	,	આણંદ	1	0.00001672
ગ્રાન્ટ	આપે	છે	1	0.00001672
ગ્રેચ્યુઇટીમાં	પણ	વધારો	1	0.00001672
ગ્રો	અને	લોકો	1	0.00001672
ઘટાડવા	માટે	પ્રકાશનનો	1	0.00001672
ઘણા	કરતાં	સ્વવેન	1	0.00001672
ઘણીબધી	ચર્ચા	કરવામાં	1	0.00001672
ઘર	એક	સંપત્તિ	1	0.00001672
ચકચાર	મચી	ગઇ	1	0.00001672
ચર્ચા	કરવામાં	આવેલી	1	0.00001672
ચા	અને	રમુજી	1	0.00001672
ચાર્મી	ઇન્ડસ્ટ્રીઝના	નામે	1	0.00001672
ચિંતા	થઈ	શકે	1	0.00001672
ચુકવ્યા	વગર	પોતાની	1	0.00001672
ચેતનભાઇ	ના	પિતાશ્રીનું	1	0.00001672
ચોરી	વસ્તુઓ	પરત	1	0.00001672
છીએ	.	આ	1	0.00001672
છે	,	ઉદાહરણ	1	0.00001672
છે	,	જે	1	0.00001672
છે	,	જ્યાંથી	1	0.00001672
છે	,	તેઓ	1	0.00001672
છે	,	માત્ર	1	0.00001672
છે	,	વેરા	1	0.00001672
છે	,	સગર્ભા	1	0.00001672
છે	,	સાંજે	1	0.00001672
છે	.	અહીંયાં	1	0.00001672
છે	.	આબુથી	1	0.00001672
છે	.	કર્ક	1	0.00001672
છે	.	કાગદડી	1	0.00001672
છે	.	કાર	1	0.00001672
છે	.	કારણ	1	0.00001672
છે	.	કોર્ટે	1	0.00001672
છે	.	ખાસ	1	0.00001672
છે	.	ખુબજ	1	0.00001672
છે	.	ગાર્ગી	1	0.00001672
છે	.	જોકે	1	0.00001672
છે	.	તેઓ	1	0.00001672
છે	.	દબાણના	1	0.00001672
છે	.	ધન	1	0.00001672
છે	.	પણ	1	0.00001672
છે	.	બદલામાં	1	0.00001672
છે	.	ભાજપના	1	0.00001672
છે	.	મોરબીના	1	0.00001672
છે	.	યાત્રા	1	0.00001672
છે	.	યુનાઇટેડ	1	0.00001672
છે	.	રાજપીપળા	1	0.00001672
છે	.	રાજસ્થાનના	1	0.00001672
છે	.	રાજ્યના	1	0.00001672
છે	.	વલણ	1	0.00001672
છે	.	વા	1	0.00001672
છે	.	સદ્ગતનું	1	0.00001672
છે	.	સરકાર	1	0.00001672
છે	.	હીટિંગ	1	0.00001672
છે	.	હોટ	1	0.00001672
છે	?	.	1	0.00001672
છે	અને	આ	1	0.00001672
છે	કે	તેઓ	1	0.00001672
છે	કે	નહીં	1	0.00001672
છે	ઘણા	કરતાં	1	0.00001672
છે	તો	પછી	1	0.00001672
છે	વેરાવળ	હરસુખલાલ	1	0.00001672
છેડતીનો	મામલો	સંસદમાં	1	0.00001672
છેલ્લા	10	વર્ષના	1	0.00001672
છો	જે	ક્યારેક	1	0.00001672
છોડવાના	સંકેત	સામે	1	0.00001672
જ	અવાઝ	ઉઠાવવો	1	0.00001672
જ	મેદસ્વી	લોકો	1	0.00001672
જ	વર્ષે	અમેરિકામાં	1	0.00001672
જઈ	બંને	પ્રેમી	1	0.00001672
જણાવ્યું	કે	આ	1	0.00001672
જણાવ્યું	છે	.	1	0.00001672
જણાવ્યું	હતું	કે	1	0.00001672
જણાશે	.	ધારાસભ્ય	1	0.00001672
જતા	એકનું	મોત	1	0.00001672
જતા	કેવી	રીતે	1	0.00001672
જથ્થો	ખરીદી	મહિસાગર	1	0.00001672
જથ્થો	ઠલવાય	છે	1	0.00001672
જથ્થો	સાંચોર	તેમજ	1	0.00001672
જન	આશિર્વાદ	યાત્રા	1	0.00001672
જન	આશીર્વાદ	યાત્રા	1	0.00001672
જનતાએ	જ	અવાઝ	1	0.00001672
જનાદેશનો	સ્વાગત	કરીએ	1	0.00001672
જમા	કરાવેલ	નથી	1	0.00001672
જમીન	મુક્ત	કરવાની	1	0.00001672
જરૂર	છે	.	1	0.00001672
જરૂર	શુ	પડી	1	0.00001672
જવાની	જરૂર	છે	1	0.00001672
જાડેજાના	માર્ગદર્શન	હેઠળ	1	0.00001672
જાતકો	માટે	વિવાહનો	1	0.00001672
જાદુ	અને	પર્સ	1	0.00001672
જાદુઈ	ભેટ	આપી	1	0.00001672
જિલ્લામાં	ઠાલવે	છે	1	0.00001672
જી	ભરવાડ	તેમજ	1	0.00001672
જીઇબી	એન્જીનીયર	તે	1	0.00001672
જીતીવા	માટે	પ્રતિબદ્ધ	1	0.00001672
જીલ્લા	એલ	.	1	0.00001672
જીલ્લા	પોલીસે	સ્થાનીક	1	0.00001672
જીલ્લાના	ડેડીયાપાડા	સાગબારા	1	0.00001672
જૂથ	સ્થાપિત	થયેલ	1	0.00001672
જૂન	મહિનામાં	શરૂ	1	0.00001672
જૂના	માણસ	ખવડાવી	1	0.00001672
જૂના	માણસ	તેના	1	0.00001672
જૂના	માણસ	તેની	1	0.00001672
જૂના	માણસ	સાથે	1	0.00001672
જે	100	લોડ	1	0.00001672
જે	અગવડતાને	કારણે	1	0.00001672
જે	ક્યારેક	આપનાં	1	0.00001672
જે	શક્યત	જૂન	1	0.00001672
જેટલી	અલગ	અલગ	1	0.00001672
જેના	કારણે	ખેડુતોમા	1	0.00001672
જેને	પગલે	આખરે	1	0.00001672
જેને	વ્યાપક	સર્મથન	1	0.00001672
જોઈ	રહ્યું	,	1	0.00001672
જોઈએ	.	પુરાવા	1	0.00001672
જોકે	,	એ	1	0.00001672
જોખમ	પર	હોઈ	1	0.00001672
જોવા	મળે	છે	1	0.00001672
જોવા	મળ્યો	હતો	1	0.00001672
જોવા	માટે	પ્રસન્ન	1	0.00001672
જોવામાં	વ્યસ્ત	છે	1	0.00001672
જોવું	રસપ્રદ	રહેશે	1	0.00001672
જ્યાં	તેમણે	સરદાર	1	0.00001672
જ્યાંથી	અમદાવાદ	તેમજ	1	0.00001672
જ્યારે	આપ	તે	1	0.00001672
જ્યારે	મોરારીબાપુએ	ગાંધીજીની	1	0.00001672
જ્યોતિરાદિત્ય	સિંધિયાની	જન	1	0.00001672
ઝડપથી	વૃદ્ધિ	પામી	1	0.00001672
ઝડપી	પાડયો	હતો	1	0.00001672
ઝાલોદના	બૂટલેગરો	વિદેશી	1	0.00001672
ટાઇગર	સેના	દ્વારા	1	0.00001672
ટાળી	દેવી	યોગ્ય	1	0.00001672
ટીમો	બનાવી	હતી	1	0.00001672
ટીમોએ	તપાસ	આદરી	1	0.00001672
ટેક્સ	વધારવાની	જરૂર	1	0.00001672
ટેલીફોનીક	બેસણુ	તા	1	0.00001672
ટ્રસ્ટ	ની	જમીન	1	0.00001672
ટ્વિટર	કોઈ	નિવેદન	1	0.00001672
ટ્વિટર	છોડવાના	સંકેત	1	0.00001672
ટ્વિટર	પોતાના	આ	1	0.00001672
ઠંડીથી	ઇન્હેલેશન	ડીપીટી	1	0.00001672
ઠલવાય	છે	.	1	0.00001672
ઠાલવે	છે	.	1	0.00001672
ઠેકાઓ	પરથી	લીમડી	1	0.00001672
ડબ્લ્યૂઆરઆઇ	એ	જણાવ્યું	1	0.00001672
ડી	.	એસ	1	0.00001672
ડી	.	વસાવા	1	0.00001672
ડી	ફિલ્મમાં	કામ	1	0.00001672
ડી	વાય	એસ	1	0.00001672
ડીએની	ઉપરાંત	મુસાફરી	1	0.00001672
ડીપીટી	કંડલા	પોર્ટ	1	0.00001672
ડેડીયાપાડા	સાગબારા	વિસ્તારના	1	0.00001672
ડોલર	હતો	.	1	0.00001672
ડોલરની	વચ્ચેનો	પગાર	1	0.00001672
ડ્રાઇવરોને	તેની	રાજ્ય	1	0.00001672
ડ્રોપની	ભરપાઈ	કરવા	1	0.00001672
ઢાંઢણી	ગામની	પરિણીતાએ	1	0.00001672
તક	મળી	રહેશે	1	0.00001672
તકતીનું	અનાવરણ	કર્યું	1	0.00001672
તકો	સર્જાવાની	શક્યતા	1	0.00001672
તઘલખી	નિર્ણયો	સામે	1	0.00001672
તટસ્થ	તપાસ	થાય	1	0.00001672
તથા	અનરજીસ્ટર્ડ	પર્સન	1	0.00001672
તપાસ	આદરી	હતી	1	0.00001672
તપાસ	થાય	તો	1	0.00001672
તપાસકર્તાઓ	માટેનો	સરેરાશ	1	0.00001672
તબક્કા	છે	.	1	0.00001672
તબદીલ	કરેલ	તથા	1	0.00001672
તમને	એક	નવી	1	0.00001672
તમામ	ખેડૂતો	પોતાની	1	0.00001672
તમામ	લાઇસન્સવાળા	ડ્રાઇવરોને	1	0.00001672
તમારા	પક્ષના	પાલિકા	1	0.00001672
તમારા	માટે	એક	1	0.00001672
તમારો	અભિપ્રાય	લિધો	1	0.00001672
તમાશો	જોવામાં	વ્યસ્ત	1	0.00001672
તરફ	આ	આરોપી	1	0.00001672
તરીકે	,	અઠવાડિયામાં	1	0.00001672
તરુણો	એક	સ્વવેના	1	0.00001672
તહું	.	ત્યારબાદ	1	0.00001672
તા	.	રપ	1	0.00001672
તા	.	રર	1	0.00001672
તાલીમ	!	કોઈ	1	0.00001672
તુવેરો	ખરીદી	કર્યા	1	0.00001672
તે	જ	વર્ષે	1	0.00001672
તે	પહેલાં	પહેલાંના	1	0.00001672
તે	વલણ	વ્યક્ત	1	0.00001672
તે	વાતો	ફરી	1	0.00001672
તે	સારું	બદલો	1	0.00001672
તે	હીરેશનભાઇ	,	1	0.00001672
તેઓ	એટલી	સારી	1	0.00001672
તેઓ	ગમે	એ	1	0.00001672
તેઓ	તમામ	ખેડૂતો	1	0.00001672
તેઓ	તેને	સારવાર	1	0.00001672
તેઓ	મેમરી	,	1	0.00001672
તેઓ	સંબંધિત	છે	1	0.00001672
તેઓ	હરાવ્યું	અટકે	1	0.00001672
તેના	બેગ	લીધો	1	0.00001672
તેના	વિશે	પ્રકાશ	1	0.00001672
તેના	સુધી	આવ્યા	1	0.00001672
તેનાં	પ્રેમી	સાથે	1	0.00001672
તેની	પત્ની	સાથે	1	0.00001672
તેની	રાજ્ય	લઘુતમ	1	0.00001672
તેની	સાથે	ઘર	1	0.00001672
તેને	જોવા	માટે	1	0.00001672
તેને	માટે	રાહ	1	0.00001672
તેને	સારવાર	.	1	0.00001672
તેને	હરાવ્યું	સુધી	1	0.00001672
તેમ	કહી	ને	1	0.00001672
તેમજ	ઉત્તર	ગુજરાતમાં	1	0.00001672
તેમજ	જીલ્લા	એલ	1	0.00001672
તેમજ	ઝાલોદના	બૂટલેગરો	1	0.00001672
તેમજ	તેમની	ટીમોએ	1	0.00001672
તેમજ	ત્રણ	દિવસ	1	0.00001672
તેમજ	પાલનપુર	થઈ	1	0.00001672
તેમણે	કહ્યું	કે	1	0.00001672
તેમણે	કુલ	રૂા	1	0.00001672
તેમણે	તે	સારું	1	0.00001672
તેમણે	તેમને	મુલાકાત	1	0.00001672
તેમણે	વચન	આપ્યું	1	0.00001672
તેમણે	સરદાર	પટેલ	1	0.00001672
તેમના	વજન	લઇ	1	0.00001672
તેમની	અંદર	આત્મવિશ્વાસનો	1	0.00001672
તેમની	અંદર	એવી	1	0.00001672
તેમની	ટીમોએ	તપાસ	1	0.00001672
તેમને	જણાવ્યું	કે	1	0.00001672
તેમને	મુલાકાત	છે	1	0.00001672
તેમાં	એ	બીજા	1	0.00001672
તો	તમાશો	જોવામાં	1	0.00001672
તો	પછી	ટેક્સ	1	0.00001672
તો	સાચી	હકીકત	1	0.00001672
ત્યાં	ઉતારવામાં	આવે	1	0.00001672
ત્યાં	તેને	માટે	1	0.00001672
ત્યારબાદ	હોસ્પિટલનું	અવલોકન	1	0.00001672
ત્યારે	બીજી	તરફ	1	0.00001672
ત્રણ	દિવસ	પહેલા	1	0.00001672
ત્રણ	રાજ્યોમાં	મળેલ	1	0.00001672
ત્રણ	વર્ષ	સુધીની	1	0.00001672
ત્રિપુરા	,	નાગાલેન્ડ	1	0.00001672
થઇ	ગયો	હતો	1	0.00001672
થઈ	ગઈ	છે	1	0.00001672
થઈ	મહેસાણામાં	રીટા	1	0.00001672
થઈ	શકે	છે	1	0.00001672
થઈ	હિંમતનગર	,	1	0.00001672
થયેલ	છે	.	1	0.00001672
થવા	લાગે	છે	1	0.00001672
થવાનો	છે	.	1	0.00001672
થશે	.	અઠવાડિયાના	1	0.00001672
થશે	.	વીણાએ	1	0.00001672
થાય	છે	.	1	0.00001672
થાય	તો	સાચી	1	0.00001672
થી	83,000	ડોલરની	1	0.00001672
થી	ફેલો	સ્થાને	1	0.00001672
થી	૬	રાખેલ	1	0.00001672
થી	૮	કરોડ	1	0.00001672
દબાણના	ડ્રોપની	ભરપાઈ	1	0.00001672
દરમિયાન	...	ઉત્તર	1	0.00001672
દરમિયાન	ઈન્દોરના	એક	1	0.00001672
દરોમાં	પરિણમી	શકે	1	0.00001672
દર્દીઓમાં	આ	સિન્ડ્રોમ	1	0.00001672
દર્શાવવામાં	આવે	.	1	0.00001672
દર્શાવી	અન્ય	વેપારીઓને	1	0.00001672
દર્શાવેલ	ખરીદીઓનાં	વેચાણો	1	0.00001672
દાન	કરવાનું	મહત્ત્વ	1	0.00001672
દારૃ	સપ્લાઈ	થાય	1	0.00001672
દારૃનો	જથ્થો	ઠલવાય	1	0.00001672
દારૃનો	જથ્થો	સાંચોર	1	0.00001672
દારૃનો	મોટાપાયે	જથ્થો	1	0.00001672
દિલીપ	અને	રબારી	1	0.00001672
દિવસ	પહેલા	ઢાંઢણી	1	0.00001672
દિવસ	વિતાવવો	ઉપયોગી	1	0.00001672
દીઠ	23.	97	1	0.00001672
દુકાન	બંધ	કરીને	1	0.00001672
દેખાવા	લાગે	છે	1	0.00001672
દેડીયાપાડા	પોલીસ	તેમજ	1	0.00001672
દેવી	યોગ્ય	રહેશે	1	0.00001672
દેશના	ઝડપથી	વૃદ્ધિ	1	0.00001672
દ્રશ્ય	તપાસકર્તાઓ	માટેનો	1	0.00001672
દ્રષ્ટિ	વ્યાપક	તાલીમ	1	0.00001672
દ્વારા	પ્રથમ	પ્રતિક્રિયા	1	0.00001672
દ્વારા	બંધનુ	એલાન	1	0.00001672
દ્વારા	બાતમીદારોનો	પણ	1	0.00001672
દ્વારા	મોટાપાયે	દારૃનો	1	0.00001672
ધન	ખરીદવાનું	અને	1	0.00001672
ધનતેરસ	વિશે	ઘણીબધી	1	0.00001672
ધરાવતા	તરુણો	એક	1	0.00001672
ધારાસભ્ય	પી	.	1	0.00001672
ધુસી	જતા	એકનું	1	0.00001672
ધ્યાનમાં	રાખીને	લીધો	1	0.00001672
ન	હતી	.	1	0.00001672
ન	હતી	અને	1	0.00001672
નજીક	ગાડી	કન્ટેનર	1	0.00001672
નજીક	વેગનઆર	કારમાં	1	0.00001672
નડિયાદ	અને	વડોદરા	1	0.00001672
નથી	.	તેમણે	1	0.00001672
નમૂનારૂપ	ઉત્તર	આમ	1	0.00001672
નર્મદા	જીલ્લા	પોલીસે	1	0.00001672
નર્મદા	જીલ્લાના	ડેડીયાપાડા	1	0.00001672
નર્મદા	ડી	.	1	0.00001672
નવી	કાર	વીમા	1	0.00001672
નવી	તકો	સર્જાવાની	1	0.00001672
નવો	અને	સારો	1	0.00001672
નહીં	.	દેશના	1	0.00001672
નહીં	કરી	શકે	1	0.00001672
નહીં	કરે	.	1	0.00001672
ના	પિતાશ્રીનું	તા	1	0.00001672
ના	પી	.	1	0.00001672
ના	રોજ	અવસાન	1	0.00001672
ના	રોજ	સાંજે	1	0.00001672
ના	હોવાથી	ટાળી	1	0.00001672
નાગડાવાસ	નજીક	ગાડી	1	0.00001672
નાગાલેન્ડ	અને	મેઘાલયમાં	1	0.00001672
નાથાલાલ	આશરા	ઉ	1	0.00001672
નામે	રૂા	.	1	0.00001672
નિર્ણય	કોરોના	વાયરસના	1	0.00001672
નિર્ણયો	સામે	જનતાએ	1	0.00001672
નિર્દેશોના	પગલે	આ	1	0.00001672
નિવૃત	જીઇબી	એન્જીનીયર	1	0.00001672
નિવેદન	આપે	છે	1	0.00001672
નિષ્ફળતા	ભારે	વીમા	1	0.00001672
ની	જમીન	મુક્ત	1	0.00001672
નું	કામ	એક	1	0.00001672
નુકશાન	પહોંચાડેલ	છે	1	0.00001672
ને	આ	આરોપી	1	0.00001672
ને	આ	મુદ્દે	1	0.00001672
ને	ગુસ્સો	જોવા	1	0.00001672
ને	૭	થી	1	0.00001672
નેતાઓ	તો	તમાશો	1	0.00001672
નેતાઓને	કરતા	ખળભળાટ	1	0.00001672
નો	ફોલ્ટ	વીમા	1	0.00001672
નોંધવામાં	આવ્યો	છે	1	0.00001672
પ	નિવૃત	જીઇબી	1	0.00001672
પંખીડાએ	આપઘાત	કરી	1	0.00001672
પંપનું	જૂથ	સ્થાપિત	1	0.00001672
પકડવા	માટે	નર્મદા	1	0.00001672
પક્ષના	પાલિકા	સભ્યોએ	1	0.00001672
પગલે	આ	કેદીઓને	1	0.00001672
પગલે	આખરે	આ	1	0.00001672
પગાર	.	તેમજ	1	0.00001672
પગાર	55,040	હતો	1	0.00001672
પછી	કલ્પેશ	સુભાષ	1	0.00001672
પછી	ખેડૂતો	ઉમળકાભેર	1	0.00001672
પછી	ટેક્સ	વધારવાની	1	0.00001672
પછી	સ્ક્રિપ	થી	1	0.00001672
પટેલ	હાજર	રહ્યા	1	0.00001672
પટેલ	હોસ્પિટલ	એન્ડ	1	0.00001672
પડશે	,	નેતાઓ	1	0.00001672
પડી	.	સહીત	1	0.00001672
પણ	અનાવરણ	કર્યું	1	0.00001672
પણ	અપાયુ	હતુ	1	0.00001672
પણ	ઉપયોગ	કરાયો	1	0.00001672
પણ	તેનાં	પ્રેમી	1	0.00001672
પણ	વધારો	થવાનો	1	0.00001672
પણ	સમજાવેલું	છે	1	0.00001672
પણ	હું	ઇચ્છતી	1	0.00001672
પત્ની	સાથે	હરાવ્યું	1	0.00001672
પત્રિકાના	માધ્યમથી	સત્તાધીશો	1	0.00001672
પર	અનલોડ	છે	1	0.00001672
પર	આરોપ	આ	1	0.00001672
પર	ઉઘરાવેલ	રૂા	1	0.00001672
પર	કોંગ્રેસ	અધ્યક્ષ	1	0.00001672
પર	હોઈ	શકે	1	0.00001672
પરત	કરવાનું	છે	1	0.00001672
પરત	ફર્યા	હતા	1	0.00001672
પરથી	લીમડી	તેમજ	1	0.00001672
પરિણમી	શકે	છે	1	0.00001672
પરિણીતાએ	પણ	તેનાં	1	0.00001672
પર્સ	પરત	કરવાનું	1	0.00001672
પર્સન	પાસેથી	દર્શાવેલ	1	0.00001672
પસંદ	કરો	જે	1	0.00001672
પહેલા	ઢાંઢણી	ગામની	1	0.00001672
પહેલાં	પહેલાંના	વીમાનો	1	0.00001672
પહેલાંના	વીમાનો	પુરાવો	1	0.00001672
પહોંચાડેલ	છે	.	1	0.00001672
પહોંચી	ગયું	અને	1	0.00001672
પહોંચ્યાં	હતાં	જ્યાં	1	0.00001672
પાંચ	વર્ષમાં	૨૦૨૨	1	0.00001672
પાછળ	ધુસી	જતા	1	0.00001672
પાછા	આવ્યા	અને	1	0.00001672
પાડયો	હતો	.	1	0.00001672
પાડવા	માટે	નર્મદા	1	0.00001672
પાડવા	માટે	પોેલીસ	1	0.00001672
પાડવામાં	અને	જૂના	1	0.00001672
પાડવામાં	આવે	છે	1	0.00001672
પામી	રહેલા	રિન્યૂએબલ	1	0.00001672
પામેલ	છે	.	1	0.00001672
પાલનપુર	થઈ	મહેસાણામાં	1	0.00001672
પાલિકા	સભ્યોએ	ભાજપ	1	0.00001672
પાલિકાના	છેલ્લા	10	1	0.00001672
પાસે	આવ્યા	.	1	0.00001672
પાસેથી	દર્શાવેલ	ખરીદીઓનાં	1	0.00001672
પિતાશ્રીનું	તા	.	1	0.00001672
પી	.	એસ	1	0.00001672
પી	.	ડી	1	0.00001672
પી	મનોહરસિહ	જાડેજાના	1	0.00001672
પી	મહેન્દ્	બગાડીયાની	1	0.00001672
પુખ્ત	વયના	લોકો	1	0.00001672
પુરાવા	આપવા	માટે	1	0.00001672
પુરાવો	જોઈએ	.	1	0.00001672
પુરું	પાડવામાં	અને	1	0.00001672
પુષ્પ	અર્પણ	કર્યા	1	0.00001672
પૂજન	કરવું	તેના	1	0.00001672
પૂરી	થઈ	ગઈ	1	0.00001672
પૂરી	પાડવામાં	આવે	1	0.00001672
પેટના	પ્રદેશમાં	વજન	1	0.00001672
પેટની	વિસ્તારમાં	તેમના	1	0.00001672
પેરેન્ટ્સે	આપને	કહી	1	0.00001672
પૉલિસી	લખશે	તે	1	0.00001672
પોતાના	આ	ખાસ	1	0.00001672
પોતાની	દુકાન	બંધ	1	0.00001672
પોતાની	સ્વતંત્રતા	લખી	1	0.00001672
પોર્ટ	ટ્રસ્ટ	ની	1	0.00001672
પોલીસ	તેમજ	જીલ્લા	1	0.00001672
પોલીસ	સ્ટેશનમાં	પ્રાણી	1	0.00001672
પોલીસની	૩	જેટલી	1	0.00001672
પોલીસે	સ્થાનીક	દેડીયાપાડા	1	0.00001672
પોેલીસ	દ્વારા	બાતમીદારોનો	1	0.00001672
પ્રકાર	હીટ	એક્સચેન્જો	1	0.00001672
પ્રકાશ	પાડીશું	.	1	0.00001672
પ્રકાશનનો	દિવસ	વિતાવવો	1	0.00001672
પ્રણવ	મુખરજીએ	હોસ્પિટલની	1	0.00001672
પ્રતિક્રિયા	આપવામાં	આવી	1	0.00001672
પ્રતિબદ્ધ	છીએ	.	1	0.00001672
પ્રતિમાનું	પણ	અનાવરણ	1	0.00001672
પ્રતિમાને	પુષ્પ	અર્પણ	1	0.00001672
પ્રથમ	પ્રતિક્રિયા	આપવામાં	1	0.00001672
પ્રદર્શન	નહીં	કરી	1	0.00001672
પ્રદાતાઓ	તમને	એક	1	0.00001672
પ્રદેશમાં	લગભગ	359	1	0.00001672
પ્રદેશમાં	વજન	આગળ	1	0.00001672
પ્રસંગે	ગુજરાતના	રાજ્યપાલ	1	0.00001672
પ્રસન્ન	હતો	.	1	0.00001672
પ્રાણી	ક્રૂરતાનો	કેસ	1	0.00001672
પ્રેમી	પંખીડાએ	આપઘાત	1	0.00001672
પ્રેમી	સાથે	ભાગી	1	0.00001672
પ્રોવિડન્ટ	ફંડ	અને	1	0.00001672
પ્લેટ	પ્રકાર	હીટ	1	0.00001672
પ્લેટ	હીટ	એક્સ્ચેન્જર	1	0.00001672
ફંડ	અને	ગ્રેચ્યુઇટીમાં	1	0.00001672
ફરાર	થઇ	ગયો	1	0.00001672
ફરી	વખત	સાંભળો	1	0.00001672
ફરીથી	જીતીવા	માટે	1	0.00001672
ફર્યા	હતા	.	1	0.00001672
ફિલ્મમાં	કામ	કરવાનો	1	0.00001672
ફિલ્મો	લગભગ	પૂરી	1	0.00001672
ફેલો	સ્થાને	પહોંચી	1	0.00001672
ફોલ્ટ	વીમા	કાયદાઓએ	1	0.00001672
બંધ	કરીને	ફરાર	1	0.00001672
બંધ	છે	.	1	0.00001672
બંધનુ	એલાન	પણ	1	0.00001672
બંને	પ્રેમી	પંખીડાએ	1	0.00001672
બગાડીયાની	સુચના	અને	1	0.00001672
બચ્ચના	ટ્વિટર	છોડવાના	1	0.00001672
બદલામાં	,	તેમણે	1	0.00001672
બદલો	લેવા	માગતા	1	0.00001672
બધી	ફિલ્મો	લગભગ	1	0.00001672
બનાવી	હતી	ને	1	0.00001672
બની	રહ્યો	છે	1	0.00001672
બાતમીદારોનો	પણ	ઉપયોગ	1	0.00001672
બાબતે	એમણે	તમારો	1	0.00001672
બાળ	કેદીઓને	મુક્ત	1	0.00001672
બાળકો	અને	પુખ્ત	1	0.00001672
બાળકો	બંધ	છે	1	0.00001672
બાળગૃહમાંથી	મુકત	કરવામાં	1	0.00001672
બાળગૃહોમાં	લગભગ	30,000	1	0.00001672
બિંદુ	આઇટીપી	નું	1	0.00001672
બિચ્છુવાડાથી	શામળાજી	બોર્ડર	1	0.00001672
બિલીંગના	વ્યવહારો	દર્શાવી	1	0.00001672
બી	.	આ	1	0.00001672
બી	.	ના	1	0.00001672
બીજા	લોકોથી	ક્યારેય	1	0.00001672
બીજી	તરફ	આ	1	0.00001672
બૂટલેગર	સુનિલ	,	1	0.00001672
બૂટલેગરો	વિદેશી	દારૃનો	1	0.00001672
બે	તબક્કા	છે	1	0.00001672
બે	પ્લેટ	પ્રકાર	1	0.00001672
બે	યુવાન	અને	1	0.00001672
બેગ	લીધો	,	1	0.00001672
બેસણુ	તા	.	1	0.00001672
બોગસ	બિલીંગના	વ્યવહારો	1	0.00001672
બોર્ડર	થઈ	હિંમતનગર	1	0.00001672
બ્યુરો	ઓફ	લેબર	1	0.00001672
ભથ્થું	,	પ્રોવિડન્ટ	1	0.00001672
ભથ્થું	,	શહેર	1	0.00001672
ભયને	ધ્યાનમાં	રાખીને	1	0.00001672
ભરપાઈ	કરવા	માટે	1	0.00001672
ભરવાડ	તેમજ	તેમની	1	0.00001672
ભરૂચથી	રાષ્ટ્રપતિ	અંકલેશ્વર	1	0.00001672
ભાગી	જઈ	બંને	1	0.00001672
ભાજપ	સાથે	મળી	1	0.00001672
ભાજપના	કાર્યકરોએ	જન	1	0.00001672
ભારે	ચકચાર	મચી	1	0.00001672
ભારે	રોષ	ને	1	0.00001672
ભારે	વીમા	દરોમાં	1	0.00001672
ભાવ	આપીશ	તેમ	1	0.00001672
ભીલીસ્તાન	ટાઇગર	સેના	1	0.00001672
ભેટ	આપી	.	1	0.00001672
મંત્રી	જ્યોતિરાદિત્ય	સિંધિયાની	1	0.00001672
મચી	ગઇ	છે	1	0.00001672
મચ્યો	છે	.	1	0.00001672
મજા	હશે	.	1	0.00001672
મન	અને	વિશ્વના	1	0.00001672
મનોહરસિહ	જાડેજાના	માર્ગદર્શન	1	0.00001672
મર્યાદા	લઇ	જવાની	1	0.00001672
મળી	રહેશે	,	1	0.00001672
મળી	શુ	ગુટર	1	0.00001672
મળે	છે	વેરાવળ	1	0.00001672
મળેલ	હાર	પર	1	0.00001672
મળ્યુ	હતુ	,	1	0.00001672
મળ્યો	હતો	ને	1	0.00001672
મહત્ત્વ	પણ	સમજાવેલું	1	0.00001672
મહારાષ્ટ્રથી	ઝડપી	પાડયો	1	0.00001672
મહિનામાં	શરૂ	થશે	1	0.00001672
મહિલા	વર્ગના	સપોર્ટથી	1	0.00001672
મહિલાને	કે	આ	1	0.00001672
મહિસાગર	,	હાલોલ	1	0.00001672
મહેન્દ્	બગાડીયાની	સુચના	1	0.00001672
મહેસાણામાં	રીટા	અને	1	0.00001672
માં	અપરાધ	દ્રશ્ય	1	0.00001672
માગણી	...	આપણાં	1	0.00001672
માગતા	હતા	.	1	0.00001672
માટે	,	અને	1	0.00001672
માટે	,	પંપનું	1	0.00001672
માટે	,	પ્લેટ	1	0.00001672
માટે	ઉપયોગી	છે	1	0.00001672
માટે	ઊંચા	જોખમ	1	0.00001672
માટે	એક	વિકલ્પ	1	0.00001672
માટે	કરોડો	રૂપિયાની	1	0.00001672
માટે	નર્મદા	જીલ્લા	1	0.00001672
માટે	નર્મદા	ડી	1	0.00001672
માટે	નિષ્ફળતા	ભારે	1	0.00001672
માટે	પોેલીસ	દ્વારા	1	0.00001672
માટે	પ્રકાશનનો	દિવસ	1	0.00001672
માટે	પ્રતિબદ્ધ	છીએ	1	0.00001672
માટે	પ્રસન્ન	હતો	1	0.00001672
માટે	રચાયેલ	છે	1	0.00001672
માટે	રાહ	જોઈ	1	0.00001672
માટે	વિવાહનો	શુભ	1	0.00001672
માટે	સમય	શુભ	1	0.00001672
માટેનો	સરેરાશ	પગાર	1	0.00001672
માણસ	ખવડાવી	,	1	0.00001672
માણસ	તેના	સુધી	1	0.00001672
માણસ	તેની	સાથે	1	0.00001672
માણસ	સાથે	પાસે	1	0.00001672
માત્ર	સુપર	મોડલ	1	0.00001672
માધ્યમથી	સત્તાધીશો	અને	1	0.00001672
મામલો	સંસદમાં	ઉઠ્યો	1	0.00001672
માર્ગદર્શન	હેઠળ	પોલીસની	1	0.00001672
માવાણીએ	ચાર્મી	ઇન્ડસ્ટ્રીઝના	1	0.00001672
મિલનભાઇ	હરીશભાઇ	માવાણીએ	1	0.00001672
મિશિગનના	નો	ફોલ્ટ	1	0.00001672
મુકત	કરવામાં	આવશે	1	0.00001672
મુક્ત	કરવાની	માગણી	1	0.00001672
મુક્ત	કરવામાં	આવશે	1	0.00001672
મુખરજીએ	હોસ્પિટલની	તકતીનું	1	0.00001672
મુજબ	કરવામાં	આવે	1	0.00001672
મુદ્દે	ભીલીસ્તાન	ટાઇગર	1	0.00001672
મુદ્રામાં	તે	વલણ	1	0.00001672
મુલાકાત	છે	,	1	0.00001672
મુશ્કેલ	હોતુ	હતું	1	0.00001672
મુસાફરી	ભથ્થું	,	1	0.00001672
મેઘાલયમાં	લોકોના	જનાદેશનો	1	0.00001672
મેદસ્વી	લોકો	પેટની	1	0.00001672
મેમરી	,	સમજશક્તિ	1	0.00001672
મોટાપાયે	જથ્થો	ખરીદી	1	0.00001672
મોટાપાયે	દારૃનો	જથ્થો	1	0.00001672
મોડલ	સિવાય	જે	1	0.00001672
મોત	આ	બધી	1	0.00001672
મોરબીના	નાગડાવાસ	નજીક	1	0.00001672
મોરારીબાપુએ	ગાંધીજીની	પ્રતિમાને	1	0.00001672
યાત્રા	દરમિયાન	...	1	0.00001672
યાત્રા	દરમિયાન	ઈન્દોરના	1	0.00001672
યાત્રા	માટે	સમય	1	0.00001672
યુઝર્સને	જતા	કેવી	1	0.00001672
યુનાઇટેડ	સ્ટેટ્સ	બ્યુરો	1	0.00001672
યુવાન	અને	તેની	1	0.00001672
યોગ	બની	રહ્યો	1	0.00001672
યોગ્ય	રહેશે	.	1	0.00001672
યોગ્ય	શબ્દો	,	1	0.00001672
યોજના	બે	પ્લેટ	1	0.00001672
યોજના	મુજબ	કરવામાં	1	0.00001672
યોજનાકીય	કામની	તટસ્થ	1	0.00001672
યોનિમાર્ગ	ખેંચે	છે	1	0.00001672
રચાયેલ	છે	.	1	0.00001672
રપ	ના	રોજ	1	0.00001672
રબારી	દ્વારા	મોટાપાયે	1	0.00001672
રમુજી	ઉખાણાઓ	એક	1	0.00001672
રર	૩	ના	1	0.00001672
રસપ્રદ	રહેશે	કે	1	0.00001672
રહેતા	હતા	અને	1	0.00001672
રહેલા	રિન્યૂએબલ	એનર્જી	1	0.00001672
રહેવા	શરૂ	કર્યું	1	0.00001672
રહેશે	,	એમ	1	0.00001672
રહેશે	.	એલ	1	0.00001672
રહેશે	.	કેટલાક	1	0.00001672
રહેશે	કે	ટ્વિટર	1	0.00001672
રહ્યા	હતા	.	1	0.00001672
રહ્યું	,	તેને	1	0.00001672
રહ્યો	છે	.	1	0.00001672
રાખીને	લીધો	છે	1	0.00001672
રાખેલ	છે	.	1	0.00001672
રાજપીપળા	પાલિકાના	છેલ્લા	1	0.00001672
રાજસ્થાનના	બિચ્છુવાડાથી	શામળાજી	1	0.00001672
રાજ્ય	લઘુતમ	મર્યાદા	1	0.00001672
રાજ્યના	બાળગૃહોમાં	લગભગ	1	0.00001672
રાજ્યપાલ	ઓપી	કોહલી	1	0.00001672
રાજ્યસભાના	સાંસદ	અહેમદ	1	0.00001672
રાજ્યોમાં	મળેલ	હાર	1	0.00001672
રાષ્ટ્રપતિ	અંકલેશ્વર	આવી	1	0.00001672
રાષ્ટ્રપતિએ	ગાંધીજીની	પ્રતિમાનું	1	0.00001672
રાહ	જોઈ	રહ્યું	1	0.00001672
રાહુલ	ગાંધી	દ્વારા	1	0.00001672
રિજેક્શનના	ભયના	કારણે	1	0.00001672
રિન્યૂએબલ	એનર્જી	ક્ષેત્રમાં	1	0.00001672
રિસર્ચ	ઇન્સ્ટિટયૂટ	ડબ્લ્યૂઆરઆઇ	1	0.00001672
રીટા	અને	વિરસિંહને	1	0.00001672
રીતે	એક	વૃદ્ધ	1	0.00001672
રીતે	પૂજન	કરવું	1	0.00001672
રીતે	રોકશે	,	1	0.00001672
રૂપિયાની	ગ્રાન્ટ	આપે	1	0.00001672
રૂા	.	૧.	1	0.00001672
રૂા	.	૧૦.	1	0.00001672
રૂા	.	૧૫.	1	0.00001672
રૂા	.	૮.	1	0.00001672
રૃપીયા	ચુકવ્યા	વગર	1	0.00001672
રૃપીયાની	તુવેરો	ખરીદી	1	0.00001672
રોકશે	,	અને	1	0.00001672
રોજ	અવસાન	પામેલ	1	0.00001672
રોજ	સાંજે	૪	1	0.00001672
રોજગારીની	તક	મળી	1	0.00001672
રોજગારીની	નવી	તકો	1	0.00001672
રોષ	ને	ગુસ્સો	1	0.00001672
લઇ	જવાની	જરૂર	1	0.00001672
લઇ	શકે	છે	1	0.00001672
લઈને	ચિંતા	થઈ	1	0.00001672
લખશે	તે	પહેલાં	1	0.00001672
લખી	ન	હતી	1	0.00001672
લગભગ	30,000	બાળકો	1	0.00001672
લગભગ	359	.	1	0.00001672
લગભગ	પૂરી	થઈ	1	0.00001672
લઘુતમ	મર્યાદા	લઇ	1	0.00001672
લાઇસન્સવાળા	ડ્રાઇવરોને	તેની	1	0.00001672
લાખ	રોજગારીની	નવી	1	0.00001672
લાગણી	ઉત્પન્ન	થવા	1	0.00001672
લાગે	છે	.	1	0.00001672
લાગે	છે	કે	1	0.00001672
લિધો	છે	?	1	0.00001672
લીધો	,	જણાવ્યું	1	0.00001672
લીધો	છે	.	1	0.00001672
લીમડી	તેમજ	ઝાલોદના	1	0.00001672
લેતાં	હાલ	સમગ્ર	1	0.00001672
લેનારા	80	દર્દીઓમાં	1	0.00001672
લેબર	સ્ટેટિસ્ટિક્સ	અનુસાર	1	0.00001672
લેવા	માગતા	હતા	1	0.00001672
લોકપ્રિય	કીફિર	પર	1	0.00001672
લોકાર્પણ	કર્યું	હતું	1	0.00001672
લોકો	પેટની	વિસ્તારમાં	1	0.00001672
લોકો	માટે	ઉપયોગી	1	0.00001672
લોકો	સ્મિત	આપીને	1	0.00001672
લોકોથી	ક્યારેય	સારું	1	0.00001672
લોકોના	જનાદેશનો	સ્વાગત	1	0.00001672
લોકોનો	વિશ્વાસ	ફરીથી	1	0.00001672
લોડ	માટે	રચાયેલ	1	0.00001672
વખત	.	તમારા	1	0.00001672
વખત	સાંભળો	છો	1	0.00001672
વગર	પોતાની	દુકાન	1	0.00001672
વચન	આપ્યું	હતું	1	0.00001672
વચ્ચેનો	પગાર	.	1	0.00001672
વજન	આગળ	યોનિમાર્ગ	1	0.00001672
વજન	ઘટાડવા	માટે	1	0.00001672
વજન	લઇ	શકે	1	0.00001672
વડોદરા	શહેર	જિલ્લામાં	1	0.00001672
વધારવા	બાબતે	એમણે	1	0.00001672
વધારવાની	જરૂર	શુ	1	0.00001672
વધારે	થશે	.	1	0.00001672
વધારો	થવાનો	છે	1	0.00001672
વધુ	મજા	હશે	1	0.00001672
વધુ	લોકપ્રિય	કીફિર	1	0.00001672
વધુ	સારો	ભાવ	1	0.00001672
વયના	લોકો	માટે	1	0.00001672
વર્ગના	સપોર્ટથી	સ્થિતિ	1	0.00001672
વર્લ્ડ	રિસર્ચ	ઇન્સ્ટિટયૂટ	1	0.00001672
વર્ષ	સુધીની	સજા	1	0.00001672
વર્ષના	યોજનાકીય	કામની	1	0.00001672
વર્ષમાં	૨૦૨૨	સુધીમાં	1	0.00001672
વર્ષે	અમેરિકામાં	32,000	1	0.00001672
વલણ	ધરાવતા	તરુણો	1	0.00001672
વલણ	વ્યક્ત	કરી	1	0.00001672
વસાવા	તમારા	પક્ષના	1	0.00001672
વસ્તુઓ	પરત	ફર્યા	1	0.00001672
વા	લેનારા	80	1	0.00001672
વાતને	લઈને	ચિંતા	1	0.00001672
વાતો	ફરી	વખત	1	0.00001672
વાય	એસ	પી	1	0.00001672
વાયરસના	ભયને	ધ્યાનમાં	1	0.00001672
વિકલ્પ	પસંદ	કરો	1	0.00001672
વિકલ્પરૂપે	આ	ક્ષેત્રે	1	0.00001672
વિકાસના	કામો	માટે	1	0.00001672
વિતાવવો	ઉપયોગી	છે	1	0.00001672
વિદેશી	દારૃનો	મોટાપાયે	1	0.00001672
વિનોદ	,	દિલીપ	1	0.00001672
વિપક્ષના	સરકાર	પર	1	0.00001672
વિરસિંહને	ત્યાં	ઉતારવામાં	1	0.00001672
વિવાહનો	શુભ	યોગ	1	0.00001672
વિશે	ઘણીબધી	ચર્ચા	1	0.00001672
વિશે	પ્રકાશ	પાડીશું	1	0.00001672
વિશ્વના	દ્રષ્ટિ	વ્યાપક	1	0.00001672
વિશ્વાસ	ફરીથી	જીતીવા	1	0.00001672
વિસ્તારના	ગરીબ	આદીવાસી	1	0.00001672
વિસ્તારમાં	તેમના	વજન	1	0.00001672
વીણાએ	કહ્યુ	હતું	1	0.00001672
વીમા	કાયદાઓએ	તમામ	1	0.00001672
વીમા	દરોમાં	પરિણમી	1	0.00001672
વીમા	પૉલિસી	લખશે	1	0.00001672
વીમા	પ્રદાતાઓ	તમને	1	0.00001672
વીમાનો	પુરાવો	જોઈએ	1	0.00001672
વૃદ્ધ	મહિલાને	કે	1	0.00001672
વૃદ્ધિ	પામી	રહેલા	1	0.00001672
વેગનઆર	કારમાં	આગ	1	0.00001672
વેચાણો	પર	ઉઘરાવેલ	1	0.00001672
વેધક	સવાલો	પત્રિકાના	1	0.00001672
વેપારીઓને	રૂા	.	1	0.00001672
વેરા	વધારવા	બાબતે	1	0.00001672
વેરાકીય	આવકને	નુકશાન	1	0.00001672
વેરાવળ	હરસુખલાલ	નાથાલાલ	1	0.00001672
વેરાશાખ	તબદીલ	કરેલ	1	0.00001672
વેરો	સરકારમાં	જમા	1	0.00001672
વૈશ્વિક	સંશોધન	સંસ્થા	1	0.00001672
વોટર	સપ્લાયરની	યોજના	1	0.00001672
વ્યક્ત	કરી	શકે	1	0.00001672
વ્યક્તિગત	ઉષ્ણતા	બિંદુ	1	0.00001672
વ્યવહારો	દર્શાવી	અન્ય	1	0.00001672
વ્યસ્ત	છે	.	1	0.00001672
વ્યાપક	તાલીમ	!	1	0.00001672
વ્યાપક	સર્મથન	મળ્યુ	1	0.00001672
શકે	.	આમ	1	0.00001672
શકે	છે	ઘણા	1	0.00001672
શક્યત	જૂન	મહિનામાં	1	0.00001672
શક્યતા	છે	.	1	0.00001672
શબ્દો	,	અને	1	0.00001672
શરૂ	કર્યું	છે	1	0.00001672
શરૂ	કર્યું	હતું	1	0.00001672
શરૂ	થશે	.	1	0.00001672
શહેર	જિલ્લામાં	ઠાલવે	1	0.00001672
શહેર	ભથ્થું	,	1	0.00001672
શહેરમાં	ભારે	ચકચાર	1	0.00001672
શામળાજી	બોર્ડર	થઈ	1	0.00001672
શાસ્ત્રોમાં	ધનતેરસ	વિશે	1	0.00001672
શીખ્યા	સાથે	રહેવા	1	0.00001672
શુ	ગુટર	ગુ	1	0.00001672
શુ	પડી	.	1	0.00001672
શું	અમિતાભ	બચ્ચના	1	0.00001672
શુભ	ના	હોવાથી	1	0.00001672
શુભ	યોગ	બની	1	0.00001672
સંકેત	સામે	ટ્વિટર	1	0.00001672
સંપત્તિ	પાછા	આવ્યા	1	0.00001672
સંબંધિત	છે	,	1	0.00001672
સંમત	,	ચોરી	1	0.00001672
સંશોધન	સંસ્થા	વર્લ્ડ	1	0.00001672
સંસદમાં	ઉઠ્યો	,	1	0.00001672
સંસ્થા	વર્લ્ડ	રિસર્ચ	1	0.00001672
સગર્ભા	સ્ત્રીઓ	અને	1	0.00001672
સગર્ભાવસ્થામાં	ઠંડીથી	ઇન્હેલેશન	1	0.00001672
સજા	કરવામાં	આવી	1	0.00001672
સજ્જન	તેમને	જણાવ્યું	1	0.00001672
સજ્જન	શીખ્યા	સાથે	1	0.00001672
સત્તાધીશો	અને	નેતાઓને	1	0.00001672
સત્ય	દર્શાવવામાં	આવે	1	0.00001672
સદ્ગતનું	ટેલીફોનીક	બેસણુ	1	0.00001672
સપોર્ટથી	સ્થિતિ	સુખદ	1	0.00001672
સપ્લાઈ	થાય	છે	1	0.00001672
સપ્લાયરની	યોજના	બે	1	0.00001672
સભ્યોએ	ભાજપ	સાથે	1	0.00001672
સમગ્ર	શહેરમાં	ભારે	1	0.00001672
સમજશક્તિ	,	અમને	1	0.00001672
સમજાવેલું	છે	.	1	0.00001672
સમય	શુભ	ના	1	0.00001672
સમયમાં	તઘલખી	નિર્ણયો	1	0.00001672
સમૃદ્ધ	હતા	.	1	0.00001672
સરકાર	પર	આરોપ	1	0.00001672
સરકાર	વિકાસના	કામો	1	0.00001672
સરકારની	વેરાકીય	આવકને	1	0.00001672
સરકારમાં	જમા	કરાવેલ	1	0.00001672
સરદાર	પટેલ	હોસ્પિટલ	1	0.00001672
સરેરાશ	પગાર	55,040	1	0.00001672
સર્જાવાની	શક્યતા	છે	1	0.00001672
સર્મથન	મળ્યુ	હતુ	1	0.00001672
સવાલો	પત્રિકાના	માધ્યમથી	1	0.00001672
સહીત	અનેક	વેધક	1	0.00001672
સાંચોર	તેમજ	પાલનપુર	1	0.00001672
સાંજે	ચા	અને	1	0.00001672
સાંજે	૪	થી	1	0.00001672
સાંભળો	છો	જે	1	0.00001672
સાંસદ	અહેમદ	પટેલ	1	0.00001672
સાગબારા	વિસ્તારના	ગરીબ	1	0.00001672
સાચી	હકીકત	જણાશે	1	0.00001672
સાથે	ઘર	એક	1	0.00001672
સાથે	પાસે	આવ્યા	1	0.00001672
સાથે	ભાગી	જઈ	1	0.00001672
સાથે	મળી	શુ	1	0.00001672
સાથે	રહેવા	શરૂ	1	0.00001672
સાથે	વધુ	મજા	1	0.00001672
સાથે	સ્વતંત્ર	,	1	0.00001672
સાથે	હરાવ્યું	શરૂ	1	0.00001672
સામે	જનતાએ	જ	1	0.00001672
સામે	ટ્વિટર	કોઈ	1	0.00001672
સારવાર	.	સજ્જન	1	0.00001672
સારા	જૂના	માણસ	1	0.00001672
સારી	રીતે	એક	1	0.00001672
સારું	પ્રદર્શન	નહીં	1	0.00001672
સારું	બદલો	લેવા	1	0.00001672
સારો	ભાવ	આપીશ	1	0.00001672
સારો	હતો	.	1	0.00001672
સિંધિયાની	જન	આશિર્વાદ	1	0.00001672
સિન્ડ્રોમ	જોવા	મળે	1	0.00001672
સિવાય	જે	શક્યત	1	0.00001672
સિસ્ટમ	માટે	,	1	0.00001672
સીરિઝમાં	સત્ય	દર્શાવવામાં	1	0.00001672
સુખદ	રહેશે	.	1	0.00001672
સુચના	અને	ડી	1	0.00001672
સુધી	આવ્યા	અને	1	0.00001672
સુધી	તેઓ	તમામ	1	0.00001672
સુધીની	સજા	કરવામાં	1	0.00001672
સુધીમાં	૩.	૩૦	1	0.00001672
સુનાવણી	,	જૂના	1	0.00001672
સુનિલ	,	વિનોદ	1	0.00001672
સુપર	મોડલ	સિવાય	1	0.00001672
સુભાષ	અગ્રવાલે	ખેડુતોને	1	0.00001672
સેના	દ્વારા	બંધનુ	1	0.00001672
સૌથી	વધુ	લોકપ્રિય	1	0.00001672
સ્ક્રિપ	થી	ફેલો	1	0.00001672
સ્ટેટિસ્ટિક્સ	અનુસાર	,	1	0.00001672
સ્ટેટ્સ	બ્યુરો	ઓફ	1	0.00001672
સ્ટેશનમાં	પ્રાણી	ક્રૂરતાનો	1	0.00001672
સ્ત્રીઓ	અને	ખૂબ	1	0.00001672
સ્થાનીક	દેડીયાપાડા	પોલીસ	1	0.00001672
સ્થાને	પહોંચી	ગયું	1	0.00001672
સ્થાપિત	થયેલ	છે	1	0.00001672
સ્થિતિ	સુખદ	રહેશે	1	0.00001672
સ્મિત	આપીને	!	1	0.00001672
સ્વતંત્ર	,	બે	1	0.00001672
સ્વતંત્ર	યોજના	મુજબ	1	0.00001672
સ્વતંત્રતા	લખી	ન	1	0.00001672
સ્વવેન	માટે	ઊંચા	1	0.00001672
સ્વવેના	મુદ્રામાં	તે	1	0.00001672
સ્વાગત	કરીએ	છે	1	0.00001672
હકીકત	જણાશે	.	1	0.00001672
હતા	.	ઉખાણાઓ	1	0.00001672
હતા	.	જૂના	1	0.00001672
હતા	.	તેના	1	0.00001672
હતા	.	રાષ્ટ્રપતિએ	1	0.00001672
હતા	.	રિજેક્શનના	1	0.00001672
હતા	અને	સમૃદ્ધ	1	0.00001672
હતાં	જ્યાં	તેમણે	1	0.00001672
હતી	.	જેને	1	0.00001672
હતી	.	પછી	1	0.00001672
હતી	અને	એસ્ટેટ	1	0.00001672
હતી	કે	સીરિઝમાં	1	0.00001672
હતી	ને	આ	1	0.00001672
હતુ	,	ત્યારે	1	0.00001672
હતુ	.	જેને	1	0.00001672
હતું	.	અવાજ	1	0.00001672
હતું	.	આ	1	0.00001672
હતું	.	જ્યારે	1	0.00001672
હતું	.	પ્રણવ	1	0.00001672
હતું	કે	3	1	0.00001672
હતું	કે	તેઓ	1	0.00001672
હતું	કે	યોગ્ય	1	0.00001672
હતું	જ્યારે	આપ	1	0.00001672
હતો	,	અથવા	1	0.00001672
હતો	.	આરોપી	1	0.00001672
હતો	.	તે	1	0.00001672
હતો	.	પુરું	1	0.00001672
હતો	.	મિશિગનના	1	0.00001672
હતો	.	સગર્ભાવસ્થામાં	1	0.00001672
હતો	જેના	કારણે	1	0.00001672
હતો	ને	આ	1	0.00001672
હરસુખલાલ	નાથાલાલ	આશરા	1	0.00001672
હરાવ્યું	અટકે	કરશે	1	0.00001672
હરાવ્યું	શરૂ	કર્યું	1	0.00001672
હરાવ્યું	સુધી	તેઓ	1	0.00001672
હરીશભાઇ	માવાણીએ	ચાર્મી	1	0.00001672
હશે	.	ગ્રો	1	0.00001672
હાઈકોર્ટના	નિર્દેશોના	પગલે	1	0.00001672
હાજર	રહ્યા	હતા	1	0.00001672
હાર	પર	કોંગ્રેસ	1	0.00001672
હાર્ટ	ઇન્સ્ટીટયૂટનું	લોકાર્પણ	1	0.00001672
હાલ	સમગ્ર	શહેરમાં	1	0.00001672
હાલોલ	,	ગોધરા	1	0.00001672
હિંમતનગર	,	ગાંધીનગર	1	0.00001672
હીટ	એક્સચેન્જો	સાથે	1	0.00001672
હીટ	એક્સ્ચેન્જર	પૂરી	1	0.00001672
હીટિંગ	સિસ્ટમ	માટે	1	0.00001672
હીરેશનભાઇ	,	ચેતનભાઇ	1	0.00001672
હું	ઇચ્છતી	હતી	1	0.00001672
હેઠળ	પોલીસની	૩	1	0.00001672
હોઈ	શકે	છે	1	0.00001672
હોટ	વોટર	સપ્લાયરની	1	0.00001672
હોતુ	હતું	જ્યારે	1	0.00001672
હોય	છે	.	1	0.00001672
હોવાથી	ટાળી	દેવી	1	0.00001672
હોસ્પિટલ	એન્ડ	હાર્ટ	1	0.00001672
હોસ્પિટલની	તકતીનું	અનાવરણ	1	0.00001672
હોસ્પિટલનું	અવલોકન	કર્યું	1	0.00001672
૧.	૯૭	કરોડોનો	1	0.00001672
૧૦.	૪૨	કરોડની	1	0.00001672
૧૫.	૬૦	કરોડના	1	0.00001672
૨૦૨૨	સુધીમાં	૩.	1	0.00001672
૩	જેટલી	અલગ	1	0.00001672
૩	ના	રોજ	1	0.00001672
૩.	૩૦	લાખ	1	0.00001672
૩૦	લાખ	રોજગારીની	1	0.00001672
૪	થી	૬	1	0.00001672
૪૨	કરોડની	સરકારની	1	0.00001672
૪૫	કરોડની	વેરાશાખ	1	0.00001672
૬	રાખેલ	છે	1	0.00001672
૬૦	કરોડના	બોગસ	1	0.00001672
૭	થી	૮	1	0.00001672
૭	પ	નિવૃત	1	0.00001672
૮	કરોડ	રૃપીયાની	1	0.00001672
૮.	૪૫	કરોડની	1	0.00001672
૯૭	કરોડોનો	વેરો	1	0.00001672
