w1	count	gt_prob
.	97	0.06694272
છે	50	0.03450656
,	45	0.03105590
અને	28	0.01932367
આ	21	0.01449275
માટે	18	0.01242236
કે	11	0.00759144
એક	9	0.00621118
સાથે	8	0.00207039
હતું	8	0.00207039
હતો	8	0.00207039
તેઓ	7	0.00828157
પણ	7	0.00828157
કર્યું	6	0.00138026
તે	6	0.00138026
તેમજ	6	0.00138026
તેમણે	6	0.00138026
ને	6	0.00138026
શકે	6	0.00138026
હતા	6	0.00138026
કરવામાં	5	0.00724638
ના	5	0.00724638
પર	5	0.00724638
હતી	5	0.00724638
આવે	4	0.00086266
એ	4	0.00086266
કારણે	4	0.00086266
જૂના	4	0.00086266
જે	4	0.00086266
ડી	4	0.00086266
તેને	4	0.00086266
થઈ	4	0.00086266
થી	4	0.00086266
દ્વારા	4	0.00086266
પછી	4	0.00086266
પી	4	0.00086266
માણસ	4	0.00086266
રહેશે	4	0.00086266
રૂા	4	0.00086266
વીમા	4	0.00086266
આરોપી	3	0.00138026
આવી	3	0.00138026
આવ્યા	3	0.00138026
ઉત્તર	3	0.00138026
એસ	3	0.00138026
કરી	3	0.00138026
કેદીઓને	3	0.00138026
કોઈ	3	0.00138026
જ	3	0.00138026
જણાવ્યું	3	0.00138026
જથ્થો	3	0.00138026
જોવા	3	0.00138026
ઝડપી	3	0.00138026
ટ્વિટર	3	0.00138026
તેના	3	0.00138026
તેની	3	0.00138026
તેમની	3	0.00138026
તો	3	0.00138026
ત્રણ	3	0.00138026
દારૃનો	3	0.00138026
નર્મદા	3	0.00138026
નહીં	3	0.00138026
બે	3	0.00138026
ભારે	3	0.00138026
યાત્રા	3	0.00138026
રીતે	3	0.00138026
લગભગ	3	0.00138026
લોકો	3	0.00138026
વજન	3	0.00138026
વધુ	3	0.00138026
શરૂ	3	0.00138026
હરાવ્યું	3	0.00138026
!	2	0.00069013
...	2	0.00069013
અંદર	2	0.00069013
અનાવરણ	2	0.00069013
અલગ	2	0.00069013
આખરે	2	0.00069013
આપી	2	0.00069013
આપે	2	0.00069013
આમ	2	0.00069013
આવશે	2	0.00069013
ઉખાણાઓ	2	0.00069013
ઉપયોગી	2	0.00069013
એલ	2	0.00069013
કરવાનું	2	0.00069013
કરશે	2	0.00069013
કરીને	2	0.00069013
કરે	2	0.00069013
કરોડની	2	0.00069013
કર્યા	2	0.00069013
કલ્પેશ	2	0.00069013
કહી	2	0.00069013
કહ્યું	2	0.00069013
કામ	2	0.00069013
કાર	2	0.00069013
કેન્દ્રીય	2	0.00069013
ખરીદી	2	0.00069013
ખાસ	2	0.00069013
ખેડુતોને	2	0.00069013
ખેડૂતો	2	0.00069013
ગાંધીજીની	2	0.00069013
જતા	2	0.00069013
જન	2	0.00069013
જરૂર	2	0.00069013
જીલ્લા	2	0.00069013
જેને	2	0.00069013
જ્યારે	2	0.00069013
તપાસ	2	0.00069013
તમામ	2	0.00069013
તમારા	2	0.00069013
તા	2	0.00069013
તેમને	2	0.00069013
ત્યાં	2	0.00069013
થશે	2	0.00069013
થાય	2	0.00069013
દરમિયાન	2	0.00069013
દિવસ	2	0.00069013
ન	2	0.00069013
નજીક	2	0.00069013
નવી	2	0.00069013
પગલે	2	0.00069013
પગાર	2	0.00069013
પટેલ	2	0.00069013
પરત	2	0.00069013
પાડવા	2	0.00069013
પાડવામાં	2	0.00069013
પૂરી	2	0.00069013
પોતાની	2	0.00069013
પોલીસ	2	0.00069013
પ્રદેશમાં	2	0.00069013
પ્રેમી	2	0.00069013
પ્લેટ	2	0.00069013
બંધ	2	0.00069013
બાળકો	2	0.00069013
બી	2	0.00069013
ભથ્થું	2	0.00069013
ભયના	2	0.00069013
મળી	2	0.00069013
મુક્ત	2	0.00069013
મોટાપાયે	2	0.00069013
યોગ્ય	2	0.00069013
યોજના	2	0.00069013
રોજ	2	0.00069013
રોજગારીની	2	0.00069013
લઇ	2	0.00069013
લાગે	2	0.00069013
લીધો	2	0.00069013
વખત	2	0.00069013
વલણ	2	0.00069013
વિશે	2	0.00069013
વ્યાપક	2	0.00069013
શહેર	2	0.00069013
શુ	2	0.00069013
શુભ	2	0.00069013
સજ્જન	2	0.00069013
સરકાર	2	0.00069013
સાંજે	2	0.00069013
સામે	2	0.00069013
સારું	2	0.00069013
સારો	2	0.00069013
સી	2	0.00069013
સુધી	2	0.00069013
સ્વતંત્ર	2	0.00069013
હતુ	2	0.00069013
હીટ	2	0.00069013
૩	2	0.00069013
૭	2	0.00069013
10	1	0.00018455
100	1	0.00018455
2008	1	0.00018455
23.	1	0.00018455
3	1	0.00018455
30,000	1	0.00018455
32,000	1	0.00018455
359	1	0.00018455
55,040	1	0.00018455
80	1	0.00018455
83,000	1	0.00018455
97	1	0.00018455
?	1	0.00018455
અંકલેશ્વર	1	0.00018455
અંતે	1	0.00018455
અગવડતાને	1	0.00018455
અગ્રવાલને	1	0.00018455
અગ્રવાલે	1	0.00018455
અટકે	1	0.00018455
અઠવાડિયાના	1	0.00018455
અઠવાડિયામાં	1	0.00018455
અઠવાડિયે	1	0.00018455
અથવા	1	0.00018455
અધ્યક્ષ	1	0.00018455
અનરજીસ્ટર્ડ	1	0.00018455
અનલોડ	1	0.00018455
અનુભવ	1	0.00018455
અનુસાર	1	0.00018455
અનેક	1	0.00018455
અન્ય	1	0.00018455
અપરાધ	1	0.00018455
અપાયુ	1	0.00018455
અભાવ	1	0.00018455
અભિપ્રાય	1	0.00018455
અમદાવાદ	1	0.00018455
અમદાવાદમાં	1	0.00018455
અમને	1	0.00018455
અમિતાભ	1	0.00018455
અમેરિકાની	1	0.00018455
અમેરિકામાં	1	0.00018455
અર્પણ	1	0.00018455
અવલોકન	1	0.00018455
અવસાન	1	0.00018455
અવાજ	1	0.00018455
અવાઝ	1	0.00018455
અહીંયાં	1	0.00018455
અહેમદ	1	0.00018455
આંકડો	1	0.00018455
આઇ	1	0.00018455
આઇટીપી	1	0.00018455
આગ	1	0.00018455
આગળ	1	0.00018455
આગામી	1	0.00018455
આણંદ	1	0.00018455
આત્મવિશ્વાસનો	1	0.00018455
આદરી	1	0.00018455
આદીવાસી	1	0.00018455
આપ	1	0.00018455
આપઘાત	1	0.00018455
આપણાં	1	0.00018455
આપણે	1	0.00018455
આપનાં	1	0.00018455
આપને	1	0.00018455
આપવા	1	0.00018455
આપવામાં	1	0.00018455
આપીને	1	0.00018455
આપીશ	1	0.00018455
આપ્યું	1	0.00018455
આબુથી	1	0.00018455
આરોપ	1	0.00018455
આરોપીને	1	0.00018455
આવકને	1	0.00018455
આવતો	1	0.00018455
આવા	1	0.00018455
આવેલી	1	0.00018455
આવ્યો	1	0.00018455
આશરા	1	0.00018455
આશિર્વાદ	1	0.00018455
આશીર્વાદ	1	0.00018455
આસપાસ	1	0.00018455
ઇચ્છતી	1	0.00018455
ઇન્ડસ્ટ્રીઝના	1	0.00018455
ઇન્સ્ટિટયૂટ	1	0.00018455
ઇન્સ્ટીટયૂટનું	1	0.00018455
ઇન્હેલેશન	1	0.00018455
ઈન્દોરના	1	0.00018455
ઉ	1	0.00018455
ઉઘરાવેલ	1	0.00018455
ઉઠાવવો	1	0.00018455
ઉઠ્યો	1	0.00018455
ઉતારવામાં	1	0.00018455
ઉત્પન્ન	1	0.00018455
ઉદાહરણ	1	0.00018455
ઉદ્ઘાટન	1	0.00018455
ઉપયોગ	1	0.00018455
ઉપરાંત	1	0.00018455
ઉમળકાભેર	1	0.00018455
ઉષ્ણતા	1	0.00018455
ઊંચા	1	0.00018455
એકનું	1	0.00018455
એક્સચેન્જો	1	0.00018455
એક્સ્ચેન્જર	1	0.00018455
એચ	1	0.00018455
એટલી	1	0.00018455
એનર્જી	1	0.00018455
એન્જીનીયર	1	0.00018455
એન્ડ	1	0.00018455
એમ	1	0.00018455
એમણે	1	0.00018455
એલાન	1	0.00018455
એવી	1	0.00018455
એસ્ટેટ	1	0.00018455
ઓપી	1	0.00018455
ઓફ	1	0.00018455
કંડલા	1	0.00018455
કંપની	1	0.00018455
કઈ	1	0.00018455
કન્ટેનર	1	0.00018455
કપ	1	0.00018455
કપરા	1	0.00018455
કરતા	1	0.00018455
કરતાં	1	0.00018455
કરવા	1	0.00018455
કરવાની	1	0.00018455
કરવાનો	1	0.00018455
કરવું	1	0.00018455
કરાયો	1	0.00018455
કરાવેલ	1	0.00018455
કરીએ	1	0.00018455
કરેલ	1	0.00018455
કરો	1	0.00018455
કરોડ	1	0.00018455
કરોડના	1	0.00018455
કરોડો	1	0.00018455
કરોડોનો	1	0.00018455
કર્ક	1	0.00018455
કર્મચારીઓને	1	0.00018455
કલાક	1	0.00018455
કહ્યુ	1	0.00018455
કાગદડી	1	0.00018455
કામની	1	0.00018455
કામો	1	0.00018455
કાયદાઓએ	1	0.00018455
કારણ	1	0.00018455
કારમાં	1	0.00018455
કાર્ય	1	0.00018455
કાર્યકરોએ	1	0.00018455
કિસ્સામાં	1	0.00018455
કીફિર	1	0.00018455
કુલ	1	0.00018455
કેટલાક	1	0.00018455
કેવી	1	0.00018455
કેસ	1	0.00018455
કૉલેજમાં	1	0.00018455
કોંગ્રેસ	1	0.00018455
કોરોના	1	0.00018455
કોર્ટે	1	0.00018455
કોહલી	1	0.00018455
ક્યારેક	1	0.00018455
ક્યારેય	1	0.00018455
ક્રૂરતાનો	1	0.00018455
ક્ષેત્રના	1	0.00018455
ક્ષેત્રમાં	1	0.00018455
ક્ષેત્રે	1	0.00018455
ખરીદવાનું	1	0.00018455
ખરીદીઓનાં	1	0.00018455
ખર્ચો	1	0.00018455
ખળભળાટ	1	0.00018455
ખવડાવી	1	0.00018455
ખુબજ	1	0.00018455
ખૂબ	1	0.00018455
ખેંચે	1	0.00018455
ખેડુતોમા	1	0.00018455
ખેતીના	1	0.00018455
ગઇ	1	0.00018455
ગઈ	1	0.00018455
ગમે	1	0.00018455
ગયું	1	0.00018455
ગયો	1	0.00018455
ગરીબ	1	0.00018455
ગરીબોને	1	0.00018455
ગાંધી	1	0.00018455
ગાંધીનગર	1	0.00018455
ગાડી	1	0.00018455
ગામડાના	1	0.00018455
ગામની	1	0.00018455
ગાર્ગી	1	0.00018455
ગુ	1	0.00018455
ગુજરાતના	1	0.00018455
ગુજરાતમાં	1	0.00018455
ગુટર	1	0.00018455
ગુસ્સો	1	0.00018455
ગોધરા	1	0.00018455
ગ્રાન્ટ	1	0.00018455
ગ્રેચ્યુઇટીમાં	1	0.00018455
ગ્રો	1	0.00018455
ઘટાડવા	1	0.00018455
ઘણા	1	0.00018455
ઘણીબધી	1	0.00018455
ઘર	1	0.00018455
ચકચાર	1	0.00018455
ચર્ચા	1	0.00018455
ચા	1	0.00018455
ચાર્મી	1	0.00018455
ચિંતા	1	0.00018455
ચુકવ્યા	1	0.00018455
ચેતનભાઇ	1	0.00018455
ચોરી	1	0.00018455
છીએ	1	0.00018455
છેડતીનો	1	0.00018455
છેલ્લા	1	0.00018455
છો	1	0.00018455
છોડવાના	1	0.00018455
જઈ	1	0.00018455
જણાશે	1	0.00018455
જનતાએ	1	0.00018455
જનાદેશનો	1	0.00018455
જમા	1	0.00018455
જમીન	1	0.00018455
જવાની	1	0.00018455
જાડેજાના	1	0.00018455
જાતકો	1	0.00018455
જાદુ	1	0.00018455
જાદુઈ	1	0.00018455
જિલ્લામાં	1	0.00018455
જી	1	0.00018455
જીઇબી	1	0.00018455
જીતીવા	1	0.00018455
જીલ્લાના	1	0.00018455
જૂથ	1	0.00018455
જૂન	1	0.00018455
જેટલી	1	0.00018455
જેના	1	0.00018455
જોઈ	1	0.00018455
જોઈએ	1	0.00018455
જોકે	1	0.00018455
જોખમ	1	0.00018455
જોવામાં	1	0.00018455
જોવું	1	0.00018455
જ્યાં	1	0.00018455
જ્યાંથી	1	0.00018455
જ્યોતિરાદિત્ય	1	0.00018455
ઝડપથી	1	0.00018455
ઝાલોદના	1	0.00018455
ટાઇગર	1	0.00018455
ટાળી	1	0.00018455
ટીમો	1	0.00018455
ટીમોએ	1	0.00018455
ટેક્સ	1	0.00018455
ટેલીફોનીક	1	0.00018455
ટ્રસ્ટ	1	0.00018455
ઠંડીથી	1	0.00018455
ઠલવાય	1	0.00018455
ઠાલવે	1	0.00018455
ઠેકાઓ	1	0.00018455
ડબ્લ્યૂઆરઆઇ	1	0.00018455
ડીએની	1	0.00018455
ડીપીટી	1	0.00018455
ડેડીયાપાડા	1	0.00018455
ડોલર	1	0.00018455
ડોલરની	1	0.00018455
ડ્રાઇવરોને	1	0.00018455
ડ્રોપની	1	0.00018455
ઢાંઢણી	1	0.00018455
તક	1	0.00018455
તકતીનું	1	0.00018455
તકો	1	0.00018455
તઘલખી	1	0.00018455
તટસ્થ	1	0.00018455
તથા	1	0.00018455
તપાસકર્તાઓ	1	0.00018455
તબક્કા	1	0.00018455
તબદીલ	1	0.00018455
તમને	1	0.00018455
તમારો	1	0.00018455
તમાશો	1	0.00018455
તરફ	1	0.00018455
તરીકે	1	0.00018455
તરુણો	1	0.00018455
તહું	1	0.00018455
તાલીમ	1	0.00018455
તુવેરો	1	0.00018455
તેનાં	1	0.00018455
તેમ	1	0.00018455
તેમના	1	0.00018455
તેમાં	1	0.00018455
ત્યારબાદ	1	0.00018455
ત્યારે	1	0.00018455
ત્રિપુરા	1	0.00018455
થઇ	1	0.00018455
થયેલ	1	0.00018455
થવા	1	0.00018455
થવાનો	1	0.00018455
દબાણના	1	0.00018455
દરોમાં	1	0.00018455
દર્દીઓમાં	1	0.00018455
દર્શાવવામાં	1	0.00018455
દર્શાવી	1	0.00018455
દર્શાવેલ	1	0.00018455
દાન	1	0.00018455
દારૃ	1	0.00018455
દિલીપ	1	0.00018455
દીઠ	1	0.00018455
દુકાન	1	0.00018455
દેખાવા	1	0.00018455
દેડીયાપાડા	1	0.00018455
દેવી	1	0.00018455
દેશના	1	0.00018455
દ્રશ્ય	1	0.00018455
દ્રષ્ટિ	1	0.00018455
ધન	1	0.00018455
ધનતેરસ	1	0.00018455
ધરાવતા	1	0.00018455
ધારાસભ્ય	1	0.00018455
ધુસી	1	0.00018455
ધ્યાનમાં	1	0.00018455
નડિયાદ	1	0.00018455
નથી	1	0.00018455
નમૂનારૂપ	1	0.00018455
નવો	1	0.00018455
નાગડાવાસ	1	0.00018455
નાગાલેન્ડ	1	0.00018455
નાથાલાલ	1	0.00018455
નામે	1	0.00018455
નિર્ણય	1	0.00018455
નિર્ણયો	1	0.00018455
નિર્દેશોના	1	0.00018455
નિવૃત	1	0.00018455
નિવેદન	1	0.00018455
નિષ્ફળતા	1	0.00018455
ની	1	0.00018455
નું	1	0.00018455
નુકશાન	1	0.00018455
નેતાઓ	1	0.00018455
નેતાઓને	1	0.00018455
નો	1	0.00018455
નોંધવામાં	1	0.00018455
પ	1	0.00018455
પંખીડાએ	1	0.00018455
પંપનું	1	0.00018455
પકડવા	1	0.00018455
પક્ષના	1	0.00018455
પડશે	1	0.00018455
પડી	1	0.00018455
પત્ની	1	0.00018455
પત્રિકાના	1	0.00018455
પરથી	1	0.00018455
પરિણમી	1	0.00018455
પરિણીતાએ	1	0.00018455
પર્સ	1	0.00018455
પર્સન	1	0.00018455
પસંદ	1	0.00018455
પહેલા	1	0.00018455
પહેલાં	1	0.00018455
પહેલાંના	1	0.00018455
પહોંચાડેલ	1	0.00018455
પહોંચી	1	0.00018455
પહોંચ્યાં	1	0.00018455
પાંચ	1	0.00018455
પાછળ	1	0.00018455
પાછા	1	0.00018455
પાડયો	1	0.00018455
પાડીશું	1	0.00018455
પામી	1	0.00018455
પામેલ	1	0.00018455
પાલનપુર	1	0.00018455
પાલિકા	1	0.00018455
પાલિકાના	1	0.00018455
પાસે	1	0.00018455
પાસેથી	1	0.00018455
પિતાશ્રીનું	1	0.00018455
પુખ્ત	1	0.00018455
પુરાવા	1	0.00018455
પુરાવો	1	0.00018455
પુરું	1	0.00018455
પુષ્પ	1	0.00018455
પૂજન	1	0.00018455
પેટના	1	0.00018455
પેટની	1	0.00018455
પેરેન્ટ્સે	1	0.00018455
પૉલિસી	1	0.00018455
પોતાના	1	0.00018455
પોર્ટ	1	0.00018455
પોલીસની	1	0.00018455
પોલીસે	1	0.00018455
પોેલીસ	1	0.00018455
પ્રકાર	1	0.00018455
પ્રકાશ	1	0.00018455
પ્રકાશનનો	1	0.00018455
પ્રણવ	1	0.00018455
પ્રતિક્રિયા	1	0.00018455
પ્રતિબદ્ધ	1	0.00018455
પ્રતિમાનું	1	0.00018455
પ્રતિમાને	1	0.00018455
પ્રથમ	1	0.00018455
પ્રદર્શન	1	0.00018455
પ્રદાતાઓ	1	0.00018455
પ્રસંગે	1	0.00018455
પ્રસન્ન	1	0.00018455
પ્રાણી	1	0.00018455
પ્રોવિડન્ટ	1	0.00018455
ફંડ	1	0.00018455
ફરાર	1	0.00018455
ફરી	1	0.00018455
ફરીથી	1	0.00018455
ફર્યા	1	0.00018455
ફિલ્મમાં	1	0.00018455
ફિલ્મો	1	0.00018455
ફેલો	1	0.00018455
ફોલ્ટ	1	0.00018455
બંધનુ	1	0.00018455
બંને	1	0.00018455
બગાડીયાની	1	0.00018455
બચ્ચના	1	0.00018455
બદલામાં	1	0.00018455
બદલો	1	0.00018455
બધી	1	0.00018455
બનાવી	1	0.00018455
બની	1	0.00018455
બાતમીદારોનો	1	0.00018455
બાબતે	1	0.00018455
બાળ	1	0.00018455
બાળગૃહમાંથી	1	0.00018455
બાળગૃહોમાં	1	0.00018455
બિંદુ	1	0.00018455
બિચ્છુવાડાથી	1	0.00018455
બિલીંગના	1	0.00018455
બીજા	1	0.00018455
બીજી	1	0.00018455
બૂટલેગર	1	0.00018455
બૂટલેગરો	1	0.00018455
બેગ	1	0.00018455
બેસણુ	1	0.00018455
બોગસ	1	0.00018455
બોર્ડર	1	0.00018455
બ્યુરો	1	0.00018455
ભયને	1	0.00018455
ભરપાઈ	1	0.00018455
ભરવાડ	1	0.00018455
ભરૂચથી	1	0.00018455
ભાગી	1	0.00018455
ભાજપ	1	0.00018455
ભાજપના	1	0.00018455
ભાવ	1	0.00018455
ભીલીસ્તાન	1	0.00018455
ભેટ	1	0.00018455
મંત્રી	1	0.00018455
મચી	1	0.00018455
મચ્યો	1	0.00018455
મજા	1	0.00018455
મન	1	0.00018455
મનોહરસિહ	1	0.00018455
મર્યાદા	1	0.00018455
મળે	1	0.00018455
મળેલ	1	0.00018455
મળ્યુ	1	0.00018455
મળ્યો	1	0.00018455
મહત્ત્વ	1	0.00018455
મહારાષ્ટ્રથી	1	0.00018455
મહિનામાં	1	0.00018455
મહિલા	1	0.00018455
મહિલાને	1	0.00018455
મહિસાગર	1	0.00018455
મહેન્દ્	1	0.00018455
મહેસાણામાં	1	0.00018455
માં	1	0.00018455
માગણી	1	0.00018455
માગતા	1	0.00018455
માટેનો	1	0.00018455
માત્ર	1	0.00018455
માધ્યમથી	1	0.00018455
મામલો	1	0.00018455
માર્ગદર્શન	1	0.00018455
માવાણીએ	1	0.00018455
મિલનભાઇ	1	0.00018455
મિશિગનના	1	0.00018455
મુકત	1	0.00018455
મુખરજીએ	1	0.00018455
મુજબ	1	0.00018455
મુદ્દે	1	0.00018455
મુદ્રામાં	1	0.00018455
મુલાકાત	1	0.00018455
મુશ્કેલ	1	0.00018455
મુસાફરી	1	0.00018455
મેઘાલયમાં	1	0.00018455
મેદસ્વી	1	0.00018455
મેમરી	1	0.00018455
મોડલ	1	0.00018455
મોત	1	0.00018455
મોરબીના	1	0.00018455
મોરારીબાપુએ	1	0.00018455
યુઝર્સને	1	0.00018455
યુનાઇટેડ	1	0.00018455
યુવાન	1	0.00018455
યોગ	1	0.00018455
યોજનાકીય	1	0.00018455
યોનિમાર્ગ	1	0.00018455
રચાયેલ	1	0.00018455
રપ	1	0.00018455
રબારી	1	0.00018455
રમુજી	1	0.00018455
રર	1	0.00018455
રસપ્રદ	1	0.00018455
રહેતા	1	0.00018455
રહેલા	1	0.00018455
રહેવા	1	0.00018455
રહ્યા	1	0.00018455
રહ્યું	1	0.00018455
રહ્યો	1	0.00018455
રાખીને	1	0.00018455
રાખેલ	1	0.00018455
રાજપીપળા	1	0.00018455
રાજસ્થાનના	1	0.00018455
રાજ્ય	1	0.00018455
રાજ્યના	1	0.00018455
રાજ્યપાલ	1	0.00018455
રાજ્યસભાના	1	0.00018455
રાજ્યોમાં	1	0.00018455
રાષ્ટ્રપતિ	1	0.00018455
રાષ્ટ્રપતિએ	1	0.00018455
રાહ	1	0.00018455
રાહુલ	1	0.00018455
રિજેક્શનના	1	0.00018455
રિન્યૂએબલ	1	0.00018455
રિસર્ચ	1	0.00018455
રીટા	1	0.00018455
રૂપિયાની	1	0.00018455
રૃપીયા	1	0.00018455
રૃપીયાની	1	0.00018455
રોકશે	1	0.00018455
રોષ	1	0.00018455
લઈને	1	0.00018455
લખશે	1	0.00018455
લખી	1	0.00018455
લઘુતમ	1	0.00018455
લાઇસન્સવાળા	1	0.00018455
લાખ	1	0.00018455
લાગણી	1	0.00018455
લિધો	1	0.00018455
લીમડી	1	0.00018455
લેતાં	1	0.00018455
લેનારા	1	0.00018455
લેબર	1	0.00018455
લેવા	1	0.00018455
લોકપ્રિય	1	0.00018455
લોકાર્પણ	1	0.00018455
લોકોથી	1	0.00018455
લોકોના	1	0.00018455
લોકોનો	1	0.00018455
લોડ	1	0.00018455
વગર	1	0.00018455
વચન	1	0.00018455
વચ્ચેનો	1	0.00018455
વડોદરા	1	0.00018455
વધારવા	1	0.00018455
વધારવાની	1	0.00018455
વધારે	1	0.00018455
વધારો	1	0.00018455
વયના	1	0.00018455
વર્ગના	1	0.00018455
વર્લ્ડ	1	0.00018455
વર્ષ	1	0.00018455
વર્ષના	1	0.00018455
વર્ષમાં	1	0.00018455
વર્ષે	1	0.00018455
વસાવા	1	0.00018455
વસ્તુઓ	1	0.00018455
વા	1	0.00018455
વાતને	1	0.00018455
વાતો	1	0.00018455
વાય	1	0.00018455
વાયરસના	1	0.00018455
વિકલ્પ	1	0.00018455
વિકલ્પરૂપે	1	0.00018455
વિકાસના	1	0.00018455
વિતાવવો	1	0.00018455
વિદેશી	1	0.00018455
વિનોદ	1	0.00018455
વિપક્ષના	1	0.00018455
વિરસિંહને	1	0.00018455
વિવાહનો	1	0.00018455
વિશ્વના	1	0.00018455
વિશ્વાસ	1	0.00018455
વિસ્તારના	1	0.00018455
વિસ્તારમાં	1	0.00018455
વીણાએ	1	0.00018455
વીમાનો	1	0.00018455
વૃદ્ધ	1	0.00018455
વૃદ્ધિ	1	0.00018455
વેગનઆર	1	0.00018455
વેચાણો	1	0.00018455
વેધક	1	0.00018455
વેપારીઓને	1	0.00018455
વેરા	1	0.00018455
વેરાકીય	1	0.00018455
વેરાવળ	1	0.00018455
વેરાશાખ	1	0.00018455
વેરો	1	0.00018455
વૈશ્વિક	1	0.00018455
વોટર	1	0.00018455
વ્યક્ત	1	0.00018455
વ્યક્તિગત	1	0.00018455
વ્યવહારો	1	0.00018455
વ્યસ્ત	1	0.00018455
શક્યત	1	0.00018455
શક્યતા	1	0.00018455
શબ્દો	1	0.00018455
શહેરમાં	1	0.00018455
શામળાજી	1	0.00018455
શાસ્ત્રોમાં	1	0.00018455
શીખ્યા	1	0.00018455
શું	1	0.00018455
સંકેત	1	0.00018455
સંપત્તિ	1	0.00018455
સંબંધિત	1	0.00018455
સંમત	1	0.00018455
સંશોધન	1	0.00018455
સંસદમાં	1	0.00018455
સંસ્થા	1	0.00018455
સગર્ભા	1	0.00018455
સગર્ભાવસ્થામાં	1	0.00018455
સજા	1	0.00018455
સત્તાધીશો	1	0.00018455
સત્ય	1	0.00018455
સદ્ગતનું	1	0.00018455
સપોર્ટથી	1	0.00018455
સપ્લાઈ	1	0.00018455
સપ્લાયરની	1	0.00018455
સભ્યોએ	1	0.00018455
સમગ્ર	1	0.00018455
સમજશક્તિ	1	0.00018455
સમજાવેલું	1	0.00018455
સમય	1	0.00018455
સમયમાં	1	0.00018455
સમૃદ્ધ	1	0.00018455
સરકારની	1	0.00018455
સરકારમાં	1	0.00018455
સરદાર	1	0.00018455
સરેરાશ	1	0.00018455
સર્જાવાની	1	0.00018455
સર્મથન	1	0.00018455
સવાલો	1	0.00018455
સહીત	1	0.00018455
સાંચોર	1	0.00018455
સાંભળો	1	0.00018455
સાંસદ	1	0.00018455
સાગબારા	1	0.00018455
સાચી	1	0.00018455
સારવાર	1	0.00018455
સારા	1	0.00018455
સારી	1	0.00018455
સિંધિયાની	1	0.00018455
સિન્ડ્રોમ	1	0.00018455
સિવાય	1	0.00018455
સિસ્ટમ	1	0.00018455
સીરિઝમાં	1	0.00018455
સુખદ	1	0.00018455
સુચના	1	0.00018455
સુધીની	1	0.00018455
સુધીમાં	1	0.00018455
સુનાવણી	1	0.00018455
સુનિલ	1	0.00018455
સુપર	1	0.00018455
સુભાષ	1	0.00018455
સેના	1	0.00018455
સૌથી	1	0.00018455
સ્ક્રિપ	1	0.00018455
સ્ટેટિસ્ટિક્સ	1	0.00018455
સ્ટેટ્સ	1	0.00018455
સ્ટેશનમાં	1	0.00018455
સ્ત્રીઓ	1	0.00018455
સ્થાનીક	1	0.00018455
સ્થાને	1	0.00018455
સ્થાપિત	1	0.00018455
સ્થિતિ	1	0.00018455
સ્મિત	1	0.00018455
સ્વતંત્રતા	1	0.00018455
સ્વવેન	1	0.00018455
સ્વવેના	1	0.00018455
સ્વાગત	1	0.00018455
હકીકત	1	0.00018455
હતાં	1	0.00018455
હરસુખલાલ	1	0.00018455
હરીશભાઇ	1	0.00018455
હશે	1	0.00018455
હાઈકોર્ટના	1	0.00018455
હાજર	1	0.00018455
હાર	1	0.00018455
હાર્ટ	1	0.00018455
હાલ	1	0.00018455
હાલોલ	1	0.00018455
હિંમતનગર	1	0.00018455
હીટિંગ	1	0.00018455
હીરેશનભાઇ	1	0.00018455
હું	1	0.00018455
હેઠળ	1	0.00018455
હોઈ	1	0.00018455
હોટ	1	0.00018455
હોતુ	1	0.00018455
હોય	1	0.00018455
હોવાથી	1	0.00018455
હોસ્પિટલ	1	0.00018455
હોસ્પિટલની	1	0.00018455
હોસ્પિટલનું	1	0.00018455
૧.	1	0.00018455
૧૦.	1	0.00018455
૧૫.	1	0.00018455
૨૦૨૨	1	0.00018455
૩.	1	0.00018455
૩૦	1	0.00018455
૪	1	0.00018455
૪૨	1	0.00018455
૪૫	1	0.00018455
૬	1	0.00018455
૬૦	1	0.00018455
૮	1	0.00018455
૮.	1	0.00018455
૯૭	1	0.00018455
