w1	w2	count	p_cond
છે	.	35	0.68627451
છે	,	9	0.17647059
.	આ	6	0.06122449
શકે	છે	5	0.83333333
હતા	.	5	0.83333333
હતો	.	5	0.62500000
કર્યું	હતું	4	0.66666667
જૂના	માણસ	4	1.00000000
રૂા	.	4	1.00000000
હતું	.	4	0.50000000
,	અને	3	0.06382979
.	તેમણે	3	0.03061224
આવે	છે	3	0.75000000
માટે	,	3	0.16666667
હતું	કે	3	0.37500000
,	તેમણે	2	0.04255319
.	એસ	2	0.02040816
.	કેન્દ્રીય	2	0.02040816
.	જેને	2	0.02040816
.	પછી	2	0.02040816
.	બી	2	0.02040816
.	સી	2	0.02040816
અનાવરણ	કર્યું	2	1.00000000
આ	આરોપી	2	0.09523810
આ	કેદીઓને	2	0.09523810
આપે	છે	2	1.00000000
આરોપી	ને	2	0.66666667
આવશે	.	2	1.00000000
આવી	છે	2	0.66666667
આવ્યા	અને	2	0.66666667
ઉપયોગી	છે	2	1.00000000
એલ	.	2	1.00000000
એસ	.	2	0.66666667
કરવામાં	આવશે	2	0.40000000
કરી	શકે	2	0.66666667
કાર	વીમા	2	1.00000000
કારણે	તેમની	2	0.50000000
કે	આ	2	0.18181818
કે	તેઓ	2	0.18181818
છે	કે	2	0.03921569
ઝડપી	પાડવા	2	0.66666667
ડી	.	2	0.50000000
તા	.	2	1.00000000
તેમની	અંદર	2	0.66666667
થશે	.	2	1.00000000
દારૃનો	જથ્થો	2	0.66666667
ન	હતી	2	1.00000000
ના	રોજ	2	0.40000000
ને	આ	2	0.33333333
ને	ઝડપી	2	0.33333333
પાડવા	માટે	2	1.00000000
પી	.	2	0.50000000
બી	.	2	1.00000000
ભથ્થું	,	2	1.00000000
ભયના	કારણે	2	1.00000000
માટે	નર્મદા	2	0.11111111
યાત્રા	દરમિયાન	2	0.66666667
રહેશે	.	2	0.50000000
લાગે	છે	2	1.00000000
શરૂ	કર્યું	2	0.66666667
સી	.	2	1.00000000
હતી	.	2	0.40000000
!	કોઈ	1	0.50000000
!	નર્મદા	1	0.50000000
,	2008	1	0.02127660
,	Deep@Gmi.com	1	0.02127660
,	https://hello.com	1	0.02127660
,	અઠવાડિયામાં	1	0.02127660
,	અથવા	1	0.02127660
,	અમને	1	0.02127660
,	આણંદ	1	0.02127660
,	ઉદાહરણ	1	0.02127660
,	એ	1	0.02127660
,	એમ	1	0.02127660
,	ગાંધીનગર	1	0.02127660
,	ગોધરા	1	0.02127660
,	ચેતનભાઇ	1	0.02127660
,	ચોરી	1	0.02127660
,	જણાવ્યું	1	0.02127660
,	જૂના	1	0.02127660
,	જે	1	0.02127660
,	જ્યાંથી	1	0.02127660
,	તેઓ	1	0.02127660
,	તેને	1	0.02127660
,	તેમાં	1	0.02127660
,	ત્યારે	1	0.02127660
,	ત્રિપુરા	1	0.02127660
,	દિલીપ	1	0.02127660
,	નડિયાદ	1	0.02127660
,	નાગાલેન્ડ	1	0.02127660
,	નેતાઓ	1	0.02127660
,	પંપનું	1	0.02127660
,	પ્રોવિડન્ટ	1	0.02127660
,	પ્લેટ	1	0.02127660
,	બે	1	0.02127660
,	માત્ર	1	0.02127660
,	મિલનભાઇ	1	0.02127660
,	વિનોદ	1	0.02127660
,	વિપક્ષના	1	0.02127660
,	વેરા	1	0.02127660
,	વ્યક્તિગત	1	0.02127660
,	શહેર	1	0.02127660
,	સગર્ભા	1	0.02127660
,	સમજશક્તિ	1	0.02127660
,	સાંજે	1	0.02127660
,	હાલોલ	1	0.02127660
.	48.	1	0.01020408
.	અઠવાડિયાના	1	0.01020408
.	અવાજ	1	0.01020408
.	અહીંયાં	1	0.01020408
.	આઇ	1	0.01020408
.	આબુથી	1	0.01020408
.	આમ	1	0.01020408
.	આરોપી	1	0.01020408
.	આવા	1	0.01020408
.	ઉખાણાઓ	1	0.01020408
.	એલ	1	0.01020408
.	કર્ક	1	0.01020408
.	કાગદડી	1	0.01020408
.	કાર	1	0.01020408
.	કારણ	1	0.01020408
.	કેટલાક	1	0.01020408
.	કોર્ટે	1	0.01020408
.	ખાસ	1	0.01020408
.	ખુબજ	1	0.01020408
.	ગાર્ગી	1	0.01020408
.	ગ્રો	1	0.01020408
.	જૂના	1	0.01020408
.	જોકે	1	0.01020408
.	જ્યારે	1	0.01020408
.	ડી	1	0.01020408
.	તમારા	1	0.01020408
.	તે	1	0.01020408
.	તેઓ	1	0.01020408
.	તેના	1	0.01020408
.	તેમજ	1	0.01020408
.	ત્યાં	1	0.01020408
.	ત્યારબાદ	1	0.01020408
.	દબાણના	1	0.01020408
.	દેશના	1	0.01020408
.	ધન	1	0.01020408
.	ધારાસભ્ય	1	0.01020408
.	નમૂનારૂપ	1	0.01020408
.	ના	1	0.01020408
.	પણ	1	0.01020408
.	પી	1	0.01020408
.	પુરાવા	1	0.01020408
.	પુરું	1	0.01020408
.	પ્રણવ	1	0.01020408
.	બદલામાં	1	0.01020408
.	બાળ	1	0.01020408
.	ભાજપના	1	0.01020408
.	મિશિગનના	1	0.01020408
.	મોરબીના	1	0.01020408
.	યાત્રા	1	0.01020408
.	યુનાઇટેડ	1	0.01020408
.	રપ	1	0.01020408
.	રર	1	0.01020408
.	રાજપીપળા	1	0.01020408
.	રાજસ્થાનના	1	0.01020408
.	રાજ્યના	1	0.01020408
.	રાષ્ટ્રપતિએ	1	0.01020408
.	રિજેક્શનના	1	0.01020408
.	વલણ	1	0.01020408
.	વસાવા	1	0.01020408
.	વા	1	0.01020408
.	વીણાએ	1	0.01020408
.	સંમત	1	0.01020408
.	સગર્ભાવસ્થામાં	1	0.01020408
.	સજ્જન	1	0.01020408
.	સદ્ગતનું	1	0.01020408
.	સરકાર	1	0.01020408
.	સહીત	1	0.01020408
.	સૌથી	1	0.01020408
.	હાઈકોર્ટના	1	0.01020408
.	હીટિંગ	1	0.01020408
.	હોટ	1	0.01020408
.	૧.	1	0.01020408
.	૧૦.	1	0.01020408
.	૧૫.	1	0.01020408
.	૭	1	0.01020408
.	૮.	1	0.01020408
...	આપણાં	1	0.50000000
...	ઉત્તર	1	0.50000000
10	વર્ષના	1	1.00000000
100	લોડ	1	1.00000000
2008	માં	1	1.00000000
23.	97	1	1.00000000
3	ડી	1	1.00000000
30,000	બાળકો	1	1.00000000
32,000	થી	1	1.00000000
359	.	1	1.00000000
48.	જેમના	1	1.00000000
55,040	હતો	1	1.00000000
80	દર્દીઓમાં	1	1.00000000
83,000	ડોલરની	1	1.00000000
97	ડોલર	1	1.00000000
?	.	1	1.00000000
Deep@Gmi.com	,	1	1.00000000
https://hello.com	તેવાં	1	1.00000000
અંકલેશ્વર	આવી	1	1.00000000
અંતે	કોઈ	1	1.00000000
અંદર	આત્મવિશ્વાસનો	1	0.50000000
અંદર	એવી	1	0.50000000
અગવડતાને	કારણે	1	1.00000000
અગ્રવાલને	પકડવા	1	1.00000000
અગ્રવાલે	ખેડુતોને	1	1.00000000
અટકે	કરશે	1	1.00000000
અઠવાડિયાના	અંતે	1	1.00000000
અઠવાડિયામાં	એક	1	1.00000000
અઠવાડિયે	ખર્ચો	1	1.00000000
અથવા	કલાક	1	1.00000000
અધ્યક્ષ	રાહુલ	1	1.00000000
અનરજીસ્ટર્ડ	પર્સન	1	1.00000000
અનલોડ	છે	1	1.00000000
અનુભવ	નવો	1	1.00000000
અનુસાર	,	1	1.00000000
અને	અમદાવાદમાં	1	0.03571429
અને	આ	1	0.03571429
અને	એસ્ટેટ	1	0.03571429
અને	કહ્યું	1	0.03571429
અને	ખૂબ	1	0.03571429
અને	ગ્રેચ્યુઇટીમાં	1	0.03571429
અને	જૂના	1	0.03571429
અને	ડી	1	0.03571429
અને	તેઓ	1	0.03571429
અને	તેની	1	0.03571429
અને	તેને	1	0.03571429
અને	દાન	1	0.03571429
અને	નેતાઓને	1	0.03571429
અને	પર્સ	1	0.03571429
અને	પુખ્ત	1	0.03571429
અને	બે	1	0.03571429
અને	મેઘાલયમાં	1	0.03571429
અને	રબારી	1	0.03571429
અને	રમુજી	1	0.03571429
અને	રાજ્યસભાના	1	0.03571429
અને	લોકો	1	0.03571429
અને	વજન	1	0.03571429
અને	વડોદરા	1	0.03571429
અને	વિરસિંહને	1	0.03571429
અને	વિશ્વના	1	0.03571429
અને	શું	1	0.03571429
અને	સમૃદ્ધ	1	0.03571429
અને	સારો	1	0.03571429
અનેક	વેધક	1	1.00000000
અન્ય	વેપારીઓને	1	1.00000000
અપરાધ	દ્રશ્ય	1	1.00000000
અપાયુ	હતુ	1	1.00000000
અભાવ	દેખાવા	1	1.00000000
અભિપ્રાય	લિધો	1	1.00000000
અમદાવાદ	તેમજ	1	1.00000000
અમદાવાદમાં	બૂટલેગર	1	1.00000000
અમને	આસપાસ	1	1.00000000
અમિતાભ	બચ્ચના	1	1.00000000
અમેરિકાની	વૈશ્વિક	1	1.00000000
અમેરિકામાં	32,000	1	1.00000000
અર્પણ	કર્યા	1	1.00000000
અલગ	અલગ	1	0.50000000
અલગ	ટીમો	1	0.50000000
અવલોકન	કર્યું	1	1.00000000
અવસાન	પામેલ	1	1.00000000
અવાજ	સુનાવણી	1	1.00000000
અવાઝ	ઉઠાવવો	1	1.00000000
અહીંયાં	આપણે	1	1.00000000
અહેમદ	પટેલ	1	1.00000000
આ	અઠવાડિયે	1	0.04761905
આ	આંકડો	1	0.04761905
આ	આરોપીને	1	0.04761905
આ	ઉદ્ઘાટન	1	0.04761905
આ	કિસ્સામાં	1	0.04761905
આ	ક્ષેત્રના	1	0.04761905
આ	ક્ષેત્રે	1	0.04761905
આ	ખાસ	1	0.04761905
આ	જાદુઈ	1	0.04761905
આ	ઠેકાઓ	1	0.04761905
આ	નિર્ણય	1	0.04761905
આ	બધી	1	0.04761905
આ	ભયના	1	0.04761905
આ	મુદ્દે	1	0.04761905
આ	સજ્જન	1	0.04761905
આ	સારા	1	0.04761905
આ	સિન્ડ્રોમ	1	0.04761905
આંકડો	માટે	1	1.00000000
આઇ	એચ	1	1.00000000
આઇટીપી	નું	1	1.00000000
આખરે	આ	1	0.50000000
આખરે	ત્રણ	1	0.50000000
આગ	ભરૂચથી	1	1.00000000
આગળ	યોનિમાર્ગ	1	1.00000000
આગામી	પાંચ	1	1.00000000
આણંદ	,	1	1.00000000
આત્મવિશ્વાસનો	અભાવ	1	1.00000000
આદરી	હતી	1	1.00000000
આદીવાસી	ખેડુતોને	1	1.00000000
આપ	તે	1	1.00000000
આપઘાત	કરી	1	1.00000000
આપણાં	શાસ્ત્રોમાં	1	1.00000000
આપણે	કઈ	1	1.00000000
આપનાં	પેરેન્ટ્સે	1	1.00000000
આપને	કહી	1	1.00000000
આપવા	માટે	1	1.00000000
આપવામાં	આવી	1	1.00000000
આપી	.	1	0.50000000
આપી	ન	1	0.50000000
આપીને	!	1	1.00000000
આપીશ	તેમ	1	1.00000000
આપ્યું	હતું	1	1.00000000
આબુથી	આવતો	1	1.00000000
આમ	,	1	0.50000000
આમ	આ	1	0.50000000
આરોપ	આ	1	1.00000000
આરોપી	કલ્પેશ	1	0.33333333
આરોપીને	મહારાષ્ટ્રથી	1	1.00000000
આવકને	નુકશાન	1	1.00000000
આવતો	દારૃનો	1	1.00000000
આવા	કપરા	1	1.00000000
આવી	પહોંચ્યાં	1	0.33333333
આવે	.	1	0.25000000
આવેલી	છે	1	1.00000000
આવ્યા	.	1	0.33333333
આવ્યો	છે	1	1.00000000
આશરા	ઉ	1	1.00000000
આશિર્વાદ	યાત્રા	1	1.00000000
આશીર્વાદ	યાત્રા	1	1.00000000
આસપાસ	મન	1	1.00000000
ઇચ્છતી	હતી	1	1.00000000
ઇન્ડસ્ટ્રીઝના	નામે	1	1.00000000
ઇન્સ્ટિટયૂટ	ડબ્લ્યૂઆરઆઇ	1	1.00000000
ઇન્સ્ટીટયૂટનું	લોકાર્પણ	1	1.00000000
ઇન્હેલેશન	ડીપીટી	1	1.00000000
ઈન્દોરના	એક	1	1.00000000
ઉ	.	1	1.00000000
ઉખાણાઓ	એક	1	0.50000000
ઉખાણાઓ	બાળકો	1	0.50000000
ઉઘરાવેલ	રૂા	1	1.00000000
ઉઠાવવો	પડશે	1	1.00000000
ઉઠ્યો	,	1	1.00000000
ઉતારવામાં	આવે	1	1.00000000
ઉત્તર	આમ	1	0.33333333
ઉત્તર	ગુજરાતમાં	1	0.33333333
ઉત્તર	પ્રદેશમાં	1	0.33333333
ઉત્પન્ન	થવા	1	1.00000000
ઉદાહરણ	તરીકે	1	1.00000000
ઉદ્ઘાટન	પ્રસંગે	1	1.00000000
ઉપયોગ	કરાયો	1	1.00000000
ઉપરાંત	મુસાફરી	1	1.00000000
ઉમળકાભેર	રહેતા	1	1.00000000
ઉષ્ણતા	બિંદુ	1	1.00000000
ઊંચા	જોખમ	1	1.00000000
એ	કાર્ય	1	0.25000000
એ	જણાવ્યું	1	0.25000000
એ	જોવું	1	0.25000000
એ	બીજા	1	0.25000000
એક	કપ	1	0.11111111
એક	નવી	1	0.11111111
એક	પોલીસ	1	0.11111111
એક	વખત	1	0.11111111
એક	વિકલ્પ	1	0.11111111
એક	વૃદ્ધ	1	0.11111111
એક	સંપત્તિ	1	0.11111111
એક	સ્વતંત્ર	1	0.11111111
એક	સ્વવેના	1	0.11111111
એકનું	મોત	1	1.00000000
એક્સચેન્જો	સાથે	1	1.00000000
એક્સ્ચેન્જર	પૂરી	1	1.00000000
એચ	જી	1	1.00000000
એટલી	સારી	1	1.00000000
એનર્જી	ક્ષેત્રમાં	1	1.00000000
એન્જીનીયર	તે	1	1.00000000
એન્ડ	હાર્ટ	1	1.00000000
એમ	અમેરિકાની	1	1.00000000
એમણે	તમારો	1	1.00000000
એલાન	પણ	1	1.00000000
એવી	લાગણી	1	1.00000000
એસ	પી	1	0.33333333
એસ્ટેટ	આપી	1	1.00000000
ઓપી	કોહલી	1	1.00000000
ઓફ	લેબર	1	1.00000000
કંડલા	પોર્ટ	1	1.00000000
કંપની	તેઓ	1	1.00000000
કઈ	રીતે	1	1.00000000
કન્ટેનર	પાછળ	1	1.00000000
કપ	સાથે	1	1.00000000
કપરા	સમયમાં	1	1.00000000
કરતા	ખળભળાટ	1	1.00000000
કરતાં	સ્વવેન	1	1.00000000
કરવા	માટે	1	1.00000000
કરવાની	માગણી	1	1.00000000
કરવાનું	છે	1	0.50000000
કરવાનું	મહત્ત્વ	1	0.50000000
કરવાનો	અનુભવ	1	1.00000000
કરવામાં	આવી	1	0.20000000
કરવામાં	આવે	1	0.20000000
કરવામાં	આવેલી	1	0.20000000
કરવું	તેના	1	1.00000000
કરશે	,	1	0.50000000
કરશે	.	1	0.50000000
કરાયો	હતો	1	1.00000000
કરાવેલ	નથી	1	1.00000000
કરી	લેતાં	1	0.33333333
કરીએ	છે	1	1.00000000
કરીને	ગામડાના	1	0.50000000
કરીને	ફરાર	1	0.50000000
કરે	.	1	0.50000000
કરે	છે	1	0.50000000
કરેલ	તથા	1	1.00000000
કરો	જે	1	1.00000000
કરોડ	રૃપીયાની	1	1.00000000
કરોડના	બોગસ	1	1.00000000
કરોડની	વેરાશાખ	1	0.50000000
કરોડની	સરકારની	1	0.50000000
કરોડો	રૂપિયાની	1	1.00000000
કરોડોનો	વેરો	1	1.00000000
કર્ક	મહિલા	1	1.00000000
કર્મચારીઓને	ડીએની	1	1.00000000
કર્યા	પછી	1	0.50000000
કર્યા	હતા	1	0.50000000
કર્યું	છે	1	0.16666667
કર્યું	તહું	1	0.16666667
કલાક	દીઠ	1	1.00000000
કલ્પેશ	અગ્રવાલને	1	0.50000000
કલ્પેશ	સુભાષ	1	0.50000000
કહી	ને	1	0.50000000
કહી	હોય	1	0.50000000
કહ્યુ	હતું	1	1.00000000
કહ્યું	કે	1	0.50000000
કહ્યું	જાદુ	1	0.50000000
કાગદડી	નજીક	1	1.00000000
કાન	સરળતાથી	1	1.00000000
કામ	એક	1	0.50000000
કામ	કરવાનો	1	0.50000000
કામની	તટસ્થ	1	1.00000000
કામો	માટે	1	1.00000000
કાયદાઓએ	તમામ	1	1.00000000
કારણ	કે	1	1.00000000
કારણે	ખેડુતોમા	1	0.25000000
કારણે	નહીં	1	0.25000000
કારમાં	આગ	1	1.00000000
કાર્ય	કરશે	1	1.00000000
કાર્યકરોએ	જન	1	1.00000000
કિસ્સામાં	,	1	1.00000000
કીફિર	પર	1	1.00000000
કુલ	રૂા	1	1.00000000
કે	,	1	0.09090909
કે	3	1	0.09090909
કે	ટ્વિટર	1	0.09090909
કે	નહીં	1	0.09090909
કે	પેટના	1	0.09090909
કે	યોગ્ય	1	0.09090909
કે	સીરિઝમાં	1	0.09090909
કેટલાક	જાતકો	1	1.00000000
કેદીઓને	ત્રણ	1	0.33333333
કેદીઓને	બાળગૃહમાંથી	1	0.33333333
કેદીઓને	મુક્ત	1	0.33333333
કેન્દ્રીય	કર્મચારીઓને	1	0.50000000
કેન્દ્રીય	મંત્રી	1	0.50000000
કેવી	રીતે	1	1.00000000
કેસ	નોંધવામાં	1	1.00000000
કૉલેજમાં	છેડતીનો	1	1.00000000
કોંગ્રેસ	અધ્યક્ષ	1	1.00000000
કોઈ	કંપની	1	0.33333333
કોઈ	નિવેદન	1	0.33333333
કોઈ	વાતને	1	0.33333333
કોરોના	વાયરસના	1	1.00000000
કોર્ટે	આ	1	1.00000000
કોહલી	અને	1	1.00000000
ક્યારેક	આપનાં	1	1.00000000
ક્યારેય	સારું	1	1.00000000
ક્રૂરતાનો	કેસ	1	1.00000000
ક્ષેત્રના	લોકોનો	1	1.00000000
ક્ષેત્રમાં	આગામી	1	1.00000000
ક્ષેત્રે	રોજગારીની	1	1.00000000
ખરીદવાનું	અને	1	1.00000000
ખરીદી	કર્યા	1	0.50000000
ખરીદી	મહિસાગર	1	0.50000000
ખરીદીઓનાં	વેચાણો	1	1.00000000
ખર્ચો	વધારે	1	1.00000000
ખળભળાટ	મચ્યો	1	1.00000000
ખવડાવી	,	1	1.00000000
ખાસ	કરીને	1	0.50000000
ખાસ	યુઝર્સને	1	0.50000000
ખુબજ	મુશ્કેલ	1	1.00000000
ખૂબ	જ	1	1.00000000
ખેંચે	છે	1	1.00000000
ખેડુતોને	રૃપીયા	1	0.50000000
ખેડુતોને	વધુ	1	0.50000000
ખેડુતોમા	ભારે	1	1.00000000
ખેડૂતો	ઉમળકાભેર	1	0.50000000
ખેડૂતો	પોતાની	1	0.50000000
ખેતીના	વિકલ્પરૂપે	1	1.00000000
ગઇ	છે	1	1.00000000
ગઈ	છે	1	1.00000000
ગમે	એ	1	1.00000000
ગયું	અને	1	1.00000000
ગયો	હતો	1	1.00000000
ગરીબ	આદીવાસી	1	1.00000000
ગરીબોને	ખેતીના	1	1.00000000
ગાંધી	દ્વારા	1	1.00000000
ગાંધીજીની	પ્રતિમાનું	1	0.50000000
ગાંધીજીની	પ્રતિમાને	1	0.50000000
ગાંધીનગર	અને	1	1.00000000
ગાડી	કન્ટેનર	1	1.00000000
ગામડાના	ગરીબોને	1	1.00000000
ગામની	પરિણીતાએ	1	1.00000000
ગાર્ગી	કૉલેજમાં	1	1.00000000
ગુ	કરે	1	1.00000000
ગુજરાતના	રાજ્યપાલ	1	1.00000000
ગુજરાતમાં	દારૃ	1	1.00000000
ગુટર	ગુ	1	1.00000000
ગુસ્સો	જોવા	1	1.00000000
ગોધરા	,	1	1.00000000
ગ્રાન્ટ	આપે	1	1.00000000
ગ્રેચ્યુઇટીમાં	પણ	1	1.00000000
ગ્રો	અને	1	1.00000000
ઘટાડવા	માટે	1	1.00000000
ઘણા	કરતાં	1	1.00000000
ઘણીબધી	ચર્ચા	1	1.00000000
ઘર	એક	1	1.00000000
ચકચાર	મચી	1	1.00000000
ચર્ચા	કરવામાં	1	1.00000000
ચા	અને	1	1.00000000
ચાર્મી	ઇન્ડસ્ટ્રીઝના	1	1.00000000
ચિંતા	થઈ	1	1.00000000
ચુકવ્યા	વગર	1	1.00000000
ચેતનભાઇ	ના	1	1.00000000
ચોરી	વસ્તુઓ	1	1.00000000
છીએ	.	1	1.00000000
છે	?	1	0.01960784
છે	અને	1	0.01960784
છે	ઘણા	1	0.01960784
છે	તો	1	0.01960784
છે	વેરાવળ	1	0.01960784
છેડતીનો	મામલો	1	1.00000000
છેલ્લા	10	1	1.00000000
છો	જે	1	1.00000000
છોડવાના	સંકેત	1	1.00000000
જ	અવાઝ	1	0.33333333
જ	મેદસ્વી	1	0.33333333
જ	વર્ષે	1	0.33333333
જઈ	બંને	1	1.00000000
જણાવો	.	1	1.00000000
જણાવ્યું	કે	1	0.33333333
જણાવ્યું	છે	1	0.33333333
જણાવ્યું	હતું	1	0.33333333
જણાશે	.	1	1.00000000
જતા	એકનું	1	0.50000000
જતા	કેવી	1	0.50000000
જથ્થો	ખરીદી	1	0.33333333
જથ્થો	ઠલવાય	1	0.33333333
જથ્થો	સાંચોર	1	0.33333333
જન	આશિર્વાદ	1	0.50000000
જન	આશીર્વાદ	1	0.50000000
જનતાએ	જ	1	1.00000000
જનાદેશનો	સ્વાગત	1	1.00000000
જમા	કરાવેલ	1	1.00000000
જમીન	મુક્ત	1	1.00000000
જરૂર	છે	1	0.50000000
જરૂર	શુ	1	0.50000000
જવાની	જરૂર	1	1.00000000
જાડેજાના	માર્ગદર્શન	1	1.00000000
જાતકો	માટે	1	1.00000000
જાદુ	અને	1	1.00000000
જાદુઈ	ભેટ	1	1.00000000
જિલ્લામાં	ઠાલવે	1	1.00000000
જી	ભરવાડ	1	1.00000000
જીઇબી	એન્જીનીયર	1	1.00000000
જીતીવા	માટે	1	1.00000000
જીલ્લા	એલ	1	0.50000000
જીલ્લા	પોલીસે	1	0.50000000
જીલ્લાના	ડેડીયાપાડા	1	1.00000000
જૂથ	સ્થાપિત	1	1.00000000
જૂન	મહિનામાં	1	1.00000000
જે	100	1	0.25000000
જે	અગવડતાને	1	0.25000000
જે	ક્યારેક	1	0.25000000
જે	શક્યત	1	0.25000000
જેટલી	અલગ	1	1.00000000
જેના	કારણે	1	1.00000000
જેને	પગલે	1	0.50000000
જેને	વ્યાપક	1	0.50000000
જેમના	કાન	1	1.00000000
જોઈ	રહ્યું	1	0.50000000
જોઈ	શકાય	1	0.50000000
જોઈએ	.	1	1.00000000
જોકે	,	1	1.00000000
જોખમ	પર	1	1.00000000
જોવા	મળે	1	0.33333333
જોવા	મળ્યો	1	0.33333333
જોવા	માટે	1	0.33333333
જોવામાં	વ્યસ્ત	1	1.00000000
જોવું	રસપ્રદ	1	1.00000000
જ્યાં	તેમણે	1	1.00000000
જ્યાંથી	અમદાવાદ	1	1.00000000
જ્યારે	આપ	1	0.50000000
જ્યારે	મોરારીબાપુએ	1	0.50000000
જ્યોતિરાદિત્ય	સિંધિયાની	1	1.00000000
ઝડપથી	વૃદ્ધિ	1	1.00000000
ઝડપી	પાડયો	1	0.33333333
ઝાલોદના	બૂટલેગરો	1	1.00000000
ટાઇગર	સેના	1	1.00000000
ટાળી	દેવી	1	1.00000000
ટીમો	બનાવી	1	1.00000000
ટીમોએ	તપાસ	1	1.00000000
ટેક્સ	વધારવાની	1	1.00000000
ટેલીફોનીક	બેસણુ	1	1.00000000
ટ્રસ્ટ	ની	1	1.00000000
ટ્વિટર	કોઈ	1	0.33333333
ટ્વિટર	છોડવાના	1	0.33333333
ટ્વિટર	પોતાના	1	0.33333333
ઠંડીથી	ઇન્હેલેશન	1	1.00000000
ઠલવાય	છે	1	1.00000000
ઠાલવે	છે	1	1.00000000
ઠેકાઓ	પરથી	1	1.00000000
ડબ્લ્યૂઆરઆઇ	એ	1	1.00000000
ડી	ફિલ્મમાં	1	0.25000000
ડી	વાય	1	0.25000000
ડીએની	ઉપરાંત	1	1.00000000
ડીપીટી	કંડલા	1	1.00000000
ડેડીયાપાડા	સાગબારા	1	1.00000000
ડોલર	હતો	1	1.00000000
ડોલરની	વચ્ચેનો	1	1.00000000
ડ્રાઇવરોને	તેની	1	1.00000000
ડ્રોપની	ભરપાઈ	1	1.00000000
ઢાંઢણી	ગામની	1	1.00000000
તક	મળી	1	1.00000000
તકતીનું	અનાવરણ	1	1.00000000
તકો	સર્જાવાની	1	1.00000000
તઘલખી	નિર્ણયો	1	1.00000000
તટસ્થ	તપાસ	1	1.00000000
તથા	અનરજીસ્ટર્ડ	1	1.00000000
તપાસ	આદરી	1	0.50000000
તપાસ	થાય	1	0.50000000
તપાસકર્તાઓ	માટેનો	1	1.00000000
તબક્કા	છે	1	1.00000000
તબદીલ	કરેલ	1	1.00000000
તમને	એક	1	1.00000000
તમામ	ખેડૂતો	1	0.50000000
તમામ	લાઇસન્સવાળા	1	0.50000000
તમારા	પક્ષના	1	0.50000000
તમારા	માટે	1	0.50000000
તમારો	અભિપ્રાય	1	1.00000000
તમાશો	જોવામાં	1	1.00000000
તરફ	આ	1	1.00000000
તરીકે	,	1	1.00000000
તરુણો	એક	1	1.00000000
તહું	.	1	1.00000000
તાલીમ	!	1	1.00000000
તુવેરો	ખરીદી	1	1.00000000
તે	જ	1	0.16666667
તે	પહેલાં	1	0.16666667
તે	વલણ	1	0.16666667
તે	વાતો	1	0.16666667
તે	સારું	1	0.16666667
તે	હીરેશનભાઇ	1	0.16666667
તેઓ	એટલી	1	0.14285714
તેઓ	ગમે	1	0.14285714
તેઓ	તમામ	1	0.14285714
તેઓ	તેને	1	0.14285714
તેઓ	મેમરી	1	0.14285714
તેઓ	સંબંધિત	1	0.14285714
તેઓ	હરાવ્યું	1	0.14285714
તેના	બેગ	1	0.33333333
તેના	વિશે	1	0.33333333
તેના	સુધી	1	0.33333333
તેનાં	પ્રેમી	1	1.00000000
તેની	પત્ની	1	0.33333333
તેની	રાજ્ય	1	0.33333333
તેની	સાથે	1	0.33333333
તેને	જોવા	1	0.25000000
તેને	માટે	1	0.25000000
તેને	સારવાર	1	0.25000000
તેને	હરાવ્યું	1	0.25000000
તેમ	કહી	1	1.00000000
તેમજ	ઉત્તર	1	0.16666667
તેમજ	જીલ્લા	1	0.16666667
તેમજ	ઝાલોદના	1	0.16666667
તેમજ	તેમની	1	0.16666667
તેમજ	ત્રણ	1	0.16666667
તેમજ	પાલનપુર	1	0.16666667
તેમણે	કહ્યું	1	0.16666667
તેમણે	કુલ	1	0.16666667
તેમણે	તે	1	0.16666667
તેમણે	તેમને	1	0.16666667
તેમણે	વચન	1	0.16666667
તેમણે	સરદાર	1	0.16666667
તેમના	વજન	1	1.00000000
તેમની	ટીમોએ	1	0.33333333
તેમને	જણાવ્યું	1	0.50000000
તેમને	મુલાકાત	1	0.50000000
તેમાં	એ	1	1.00000000
તેવાં	પ્રાણીઓનાં	1	1.00000000
તો	તમાશો	1	0.33333333
તો	પછી	1	0.33333333
તો	સાચી	1	0.33333333
ત્યાં	ઉતારવામાં	1	0.50000000
ત્યાં	તેને	1	0.50000000
ત્યારબાદ	હોસ્પિટલનું	1	1.00000000
ત્યારે	બીજી	1	1.00000000
ત્રણ	દિવસ	1	0.33333333
ત્રણ	રાજ્યોમાં	1	0.33333333
ત્રણ	વર્ષ	1	0.33333333
ત્રિપુરા	,	1	1.00000000
થઇ	ગયો	1	1.00000000
થઈ	ગઈ	1	0.25000000
થઈ	મહેસાણામાં	1	0.25000000
થઈ	શકે	1	0.25000000
થઈ	હિંમતનગર	1	0.25000000
થયેલ	છે	1	1.00000000
થવા	લાગે	1	1.00000000
થવાનો	છે	1	1.00000000
થાય	છે	1	0.50000000
થાય	તો	1	0.50000000
થી	83,000	1	0.25000000
થી	ફેલો	1	0.25000000
થી	૬	1	0.25000000
થી	૮	1	0.25000000
દબાણના	ડ્રોપની	1	1.00000000
દરમિયાન	...	1	0.50000000
દરમિયાન	ઈન્દોરના	1	0.50000000
દરોમાં	પરિણમી	1	1.00000000
દર્દીઓમાં	આ	1	1.00000000
દર્શાવવામાં	આવે	1	1.00000000
દર્શાવી	અન્ય	1	1.00000000
દર્શાવેલ	ખરીદીઓનાં	1	1.00000000
દાન	કરવાનું	1	1.00000000
દારૃ	સપ્લાઈ	1	1.00000000
દારૃનો	મોટાપાયે	1	0.33333333
દિલીપ	અને	1	1.00000000
દિવસ	પહેલા	1	0.50000000
દિવસ	વિતાવવો	1	0.50000000
દીઠ	23.	1	1.00000000
દુકાન	બંધ	1	1.00000000
દેખાવા	લાગે	1	1.00000000
દેડીયાપાડા	પોલીસ	1	1.00000000
દેવી	યોગ્ય	1	1.00000000
દેશના	ઝડપથી	1	1.00000000
દ્રશ્ય	તપાસકર્તાઓ	1	1.00000000
દ્રષ્ટિ	વ્યાપક	1	1.00000000
દ્વારા	પ્રથમ	1	0.25000000
દ્વારા	બંધનુ	1	0.25000000
દ્વારા	બાતમીદારોનો	1	0.25000000
દ્વારા	મોટાપાયે	1	0.25000000
ધન	ખરીદવાનું	1	1.00000000
ધનતેરસ	વિશે	1	1.00000000
ધરાવતા	તરુણો	1	1.00000000
ધારાસભ્ય	પી	1	1.00000000
ધુસી	જતા	1	1.00000000
ધ્યાનમાં	રાખીને	1	1.00000000
નજીક	ગાડી	1	0.50000000
નજીક	વેગનઆર	1	0.50000000
નડિયાદ	અને	1	1.00000000
નથી	.	1	1.00000000
નમૂનારૂપ	ઉત્તર	1	1.00000000
નર્મદા	જીલ્લા	1	0.33333333
નર્મદા	જીલ્લાના	1	0.33333333
નર્મદા	ડી	1	0.33333333
નવી	કાર	1	0.50000000
નવી	તકો	1	0.50000000
નવો	અને	1	1.00000000
નહીં	.	1	0.33333333
નહીં	કરી	1	0.33333333
નહીં	કરે	1	0.33333333
ના	પિતાશ્રીનું	1	0.20000000
ના	પી	1	0.20000000
ના	હોવાથી	1	0.20000000
નાગડાવાસ	નજીક	1	1.00000000
નાગાલેન્ડ	અને	1	1.00000000
નાથાલાલ	આશરા	1	1.00000000
નામ	જણાવો	1	1.00000000
નામે	રૂા	1	1.00000000
નિર્ણય	કોરોના	1	1.00000000
નિર્ણયો	સામે	1	1.00000000
નિર્દેશોના	પગલે	1	1.00000000
નિવૃત	જીઇબી	1	1.00000000
નિવેદન	આપે	1	1.00000000
નિષ્ફળતા	ભારે	1	1.00000000
ની	જમીન	1	1.00000000
નું	કામ	1	1.00000000
નુકશાન	પહોંચાડેલ	1	1.00000000
ને	ગુસ્સો	1	0.16666667
ને	૭	1	0.16666667
નેતાઓ	તો	1	1.00000000
નેતાઓને	કરતા	1	1.00000000
નો	ફોલ્ટ	1	1.00000000
નોંધવામાં	આવ્યો	1	1.00000000
પ	નિવૃત	1	1.00000000
પંખીડાએ	આપઘાત	1	1.00000000
પંપનું	જૂથ	1	1.00000000
પકડવા	માટે	1	1.00000000
પક્ષના	પાલિકા	1	1.00000000
પગલે	આ	1	0.50000000
પગલે	આખરે	1	0.50000000
પગાર	.	1	0.50000000
પગાર	55,040	1	0.50000000
પછી	કલ્પેશ	1	0.25000000
પછી	ખેડૂતો	1	0.25000000
પછી	ટેક્સ	1	0.25000000
પછી	સ્ક્રિપ	1	0.25000000
પટેલ	હાજર	1	0.50000000
પટેલ	હોસ્પિટલ	1	0.50000000
પડશે	,	1	1.00000000
પડી	.	1	1.00000000
પણ	અનાવરણ	1	0.14285714
પણ	અપાયુ	1	0.14285714
પણ	ઉપયોગ	1	0.14285714
પણ	તેનાં	1	0.14285714
પણ	વધારો	1	0.14285714
પણ	સમજાવેલું	1	0.14285714
પણ	હું	1	0.14285714
પત્ની	સાથે	1	1.00000000
પત્રિકાના	માધ્યમથી	1	1.00000000
પર	અનલોડ	1	0.20000000
પર	આરોપ	1	0.20000000
પર	ઉઘરાવેલ	1	0.20000000
પર	કોંગ્રેસ	1	0.20000000
પર	હોઈ	1	0.20000000
પરત	કરવાનું	1	0.50000000
પરત	ફર્યા	1	0.50000000
પરથી	લીમડી	1	1.00000000
પરિણમી	શકે	1	1.00000000
પરિણીતાએ	પણ	1	1.00000000
પર્સ	પરત	1	1.00000000
પર્સન	પાસેથી	1	1.00000000
પસંદ	કરો	1	1.00000000
પહેલા	ઢાંઢણી	1	1.00000000
પહેલાં	પહેલાંના	1	1.00000000
પહેલાંના	વીમાનો	1	1.00000000
પહોંચાડેલ	છે	1	1.00000000
પહોંચી	ગયું	1	1.00000000
પહોંચ્યાં	હતાં	1	1.00000000
પાંચ	વર્ષમાં	1	1.00000000
પાછળ	ધુસી	1	1.00000000
પાછા	આવ્યા	1	1.00000000
પાડયો	હતો	1	1.00000000
પાડવામાં	અને	1	0.50000000
પાડવામાં	આવે	1	0.50000000
પાડીશું	.	1	1.00000000
પામી	રહેલા	1	1.00000000
પામેલ	છે	1	1.00000000
પાલનપુર	થઈ	1	1.00000000
પાલિકા	સભ્યોએ	1	1.00000000
પાલિકાના	છેલ્લા	1	1.00000000
પાસે	આવ્યા	1	1.00000000
પાસેથી	દર્શાવેલ	1	1.00000000
પિતાશ્રીનું	તા	1	1.00000000
પી	મનોહરસિહ	1	0.25000000
પી	મહેન્દ્	1	0.25000000
પુખ્ત	વયના	1	1.00000000
પુરાવા	આપવા	1	1.00000000
પુરાવો	જોઈએ	1	1.00000000
પુરું	પાડવામાં	1	1.00000000
પુષ્પ	અર્પણ	1	1.00000000
પૂજન	કરવું	1	1.00000000
પૂરી	થઈ	1	0.50000000
પૂરી	પાડવામાં	1	0.50000000
પેટના	પ્રદેશમાં	1	1.00000000
પેટની	વિસ્તારમાં	1	1.00000000
પેરેન્ટ્સે	આપને	1	1.00000000
પૉલિસી	લખશે	1	1.00000000
પોતાના	આ	1	1.00000000
પોતાની	દુકાન	1	0.50000000
પોતાની	સ્વતંત્રતા	1	0.50000000
પોર્ટ	ટ્રસ્ટ	1	1.00000000
પોલીસ	તેમજ	1	0.50000000
પોલીસ	સ્ટેશનમાં	1	0.50000000
પોલીસની	૩	1	1.00000000
પોલીસે	સ્થાનીક	1	1.00000000
પોેલીસ	દ્વારા	1	1.00000000
પ્રકાર	હીટ	1	1.00000000
પ્રકાશ	પાડીશું	1	1.00000000
પ્રકાશનનો	દિવસ	1	1.00000000
પ્રણવ	મુખરજીએ	1	1.00000000
પ્રતિક્રિયા	આપવામાં	1	1.00000000
પ્રતિબદ્ધ	છીએ	1	1.00000000
પ્રતિમાનું	પણ	1	1.00000000
પ્રતિમાને	પુષ્પ	1	1.00000000
પ્રથમ	પ્રતિક્રિયા	1	1.00000000
પ્રદર્શન	નહીં	1	1.00000000
પ્રદાતાઓ	તમને	1	1.00000000
પ્રદેશમાં	લગભગ	1	0.50000000
પ્રદેશમાં	વજન	1	0.50000000
પ્રસંગે	ગુજરાતના	1	1.00000000
પ્રસન્ન	હતો	1	1.00000000
પ્રાણી	ક્રૂરતાનો	1	1.00000000
પ્રાણીઓનાં	નામ	1	1.00000000
પ્રેમી	પંખીડાએ	1	0.50000000
પ્રેમી	સાથે	1	0.50000000
પ્રોવિડન્ટ	ફંડ	1	1.00000000
પ્લેટ	પ્રકાર	1	0.50000000
પ્લેટ	હીટ	1	0.50000000
ફંડ	અને	1	1.00000000
ફરાર	થઇ	1	1.00000000
ફરી	વખત	1	1.00000000
ફરીથી	જીતીવા	1	1.00000000
ફર્યા	હતા	1	1.00000000
ફિલ્મમાં	કામ	1	1.00000000
ફિલ્મો	લગભગ	1	1.00000000
ફેલો	સ્થાને	1	1.00000000
ફોલ્ટ	વીમા	1	1.00000000
બંધ	કરીને	1	0.50000000
બંધ	છે	1	0.50000000
બંધનુ	એલાન	1	1.00000000
બંને	પ્રેમી	1	1.00000000
બગાડીયાની	સુચના	1	1.00000000
બચ્ચના	ટ્વિટર	1	1.00000000
બદલામાં	,	1	1.00000000
બદલો	લેવા	1	1.00000000
બધી	ફિલ્મો	1	1.00000000
બનાવી	હતી	1	1.00000000
બની	રહ્યો	1	1.00000000
બાતમીદારોનો	પણ	1	1.00000000
બાબતે	એમણે	1	1.00000000
બાળ	કેદીઓને	1	1.00000000
બાળકો	અને	1	0.50000000
બાળકો	બંધ	1	0.50000000
બાળગૃહમાંથી	મુકત	1	1.00000000
બાળગૃહોમાં	લગભગ	1	1.00000000
બિંદુ	આઇટીપી	1	1.00000000
બિચ્છુવાડાથી	શામળાજી	1	1.00000000
બિલીંગના	વ્યવહારો	1	1.00000000
બીજા	લોકોથી	1	1.00000000
બીજી	તરફ	1	1.00000000
બૂટલેગર	સુનિલ	1	1.00000000
બૂટલેગરો	વિદેશી	1	1.00000000
બે	તબક્કા	1	0.33333333
બે	પ્લેટ	1	0.33333333
બે	યુવાન	1	0.33333333
બેગ	લીધો	1	1.00000000
બેસણુ	તા	1	1.00000000
બોગસ	બિલીંગના	1	1.00000000
બોર્ડર	થઈ	1	1.00000000
બ્યુરો	ઓફ	1	1.00000000
ભયને	ધ્યાનમાં	1	1.00000000
ભરપાઈ	કરવા	1	1.00000000
ભરવાડ	તેમજ	1	1.00000000
ભરૂચથી	રાષ્ટ્રપતિ	1	1.00000000
ભાગી	જઈ	1	1.00000000
ભાજપ	સાથે	1	1.00000000
ભાજપના	કાર્યકરોએ	1	1.00000000
ભારે	ચકચાર	1	0.33333333
ભારે	રોષ	1	0.33333333
ભારે	વીમા	1	0.33333333
ભાવ	આપીશ	1	1.00000000
ભીલીસ્તાન	ટાઇગર	1	1.00000000
ભેટ	આપી	1	1.00000000
મંત્રી	જ્યોતિરાદિત્ય	1	1.00000000
મચી	ગઇ	1	1.00000000
મચ્યો	છે	1	1.00000000
મજા	હશે	1	1.00000000
મન	અને	1	1.00000000
મનોહરસિહ	જાડેજાના	1	1.00000000
મર્યાદા	લઇ	1	1.00000000
મળી	રહેશે	1	0.50000000
મળી	શુ	1	0.50000000
મળે	છે	1	1.00000000
મળેલ	હાર	1	1.00000000
મળ્યુ	હતુ	1	1.00000000
મળ્યો	હતો	1	1.00000000
મહત્ત્વ	પણ	1	1.00000000
મહારાષ્ટ્રથી	ઝડપી	1	1.00000000
મહિનામાં	શરૂ	1	1.00000000
મહિલા	વર્ગના	1	1.00000000
મહિલાને	કે	1	1.00000000
મહિસાગર	,	1	1.00000000
મહેન્દ્	બગાડીયાની	1	1.00000000
મહેસાણામાં	રીટા	1	1.00000000
માં	અપરાધ	1	1.00000000
માગણી	...	1	1.00000000
માગતા	હતા	1	1.00000000
માટે	ઉપયોગી	1	0.05555556
માટે	ઊંચા	1	0.05555556
માટે	એક	1	0.05555556
માટે	કરોડો	1	0.05555556
માટે	નિષ્ફળતા	1	0.05555556
માટે	પોેલીસ	1	0.05555556
માટે	પ્રકાશનનો	1	0.05555556
માટે	પ્રતિબદ્ધ	1	0.05555556
માટે	પ્રસન્ન	1	0.05555556
માટે	રચાયેલ	1	0.05555556
માટે	રાહ	1	0.05555556
માટે	વિવાહનો	1	0.05555556
માટે	સમય	1	0.05555556
માટેનો	સરેરાશ	1	1.00000000
માણસ	ખવડાવી	1	0.25000000
માણસ	તેના	1	0.25000000
માણસ	તેની	1	0.25000000
માણસ	સાથે	1	0.25000000
માત્ર	સુપર	1	1.00000000
માધ્યમથી	સત્તાધીશો	1	1.00000000
મામલો	સંસદમાં	1	1.00000000
માર્ગદર્શન	હેઠળ	1	1.00000000
માવાણીએ	ચાર્મી	1	1.00000000
મિલનભાઇ	હરીશભાઇ	1	1.00000000
મિશિગનના	નો	1	1.00000000
મુકત	કરવામાં	1	1.00000000
મુક્ત	કરવાની	1	0.50000000
મુક્ત	કરવામાં	1	0.50000000
મુખરજીએ	હોસ્પિટલની	1	1.00000000
મુજબ	કરવામાં	1	1.00000000
મુદ્દે	ભીલીસ્તાન	1	1.00000000
મુદ્રામાં	તે	1	1.00000000
મુલાકાત	છે	1	1.00000000
મુશ્કેલ	હોતુ	1	1.00000000
મુસાફરી	ભથ્થું	1	1.00000000
મેઘાલયમાં	લોકોના	1	1.00000000
મેદસ્વી	લોકો	1	1.00000000
મેમરી	,	1	1.00000000
મોટાપાયે	જથ્થો	1	0.50000000
મોટાપાયે	દારૃનો	1	0.50000000
મોડલ	સિવાય	1	1.00000000
મોત	આ	1	1.00000000
મોરબીના	નાગડાવાસ	1	1.00000000
મોરારીબાપુએ	ગાંધીજીની	1	1.00000000
યાત્રા	માટે	1	0.33333333
યુઝર્સને	જતા	1	1.00000000
યુનાઇટેડ	સ્ટેટ્સ	1	1.00000000
યુવાન	અને	1	1.00000000
યોગ	બની	1	1.00000000
યોગ્ય	રહેશે	1	0.50000000
યોગ્ય	શબ્દો	1	0.50000000
યોજના	બે	1	0.50000000
યોજના	મુજબ	1	0.50000000
યોજનાકીય	કામની	1	1.00000000
યોનિમાર્ગ	ખેંચે	1	1.00000000
રચાયેલ	છે	1	1.00000000
રપ	ના	1	1.00000000
રબારી	દ્વારા	1	1.00000000
રમુજી	ઉખાણાઓ	1	1.00000000
રર	૩	1	1.00000000
રસપ્રદ	રહેશે	1	1.00000000
રહેતા	હતા	1	1.00000000
રહેલા	રિન્યૂએબલ	1	1.00000000
રહેવા	શરૂ	1	1.00000000
રહેશે	,	1	0.25000000
રહેશે	કે	1	0.25000000
રહ્યા	હતા	1	1.00000000
રહ્યું	,	1	1.00000000
રહ્યો	છે	1	1.00000000
રાખીને	લીધો	1	1.00000000
રાખેલ	છે	1	1.00000000
રાજપીપળા	પાલિકાના	1	1.00000000
રાજસ્થાનના	બિચ્છુવાડાથી	1	1.00000000
રાજ્ય	લઘુતમ	1	1.00000000
રાજ્યના	બાળગૃહોમાં	1	1.00000000
રાજ્યપાલ	ઓપી	1	1.00000000
રાજ્યસભાના	સાંસદ	1	1.00000000
રાજ્યોમાં	મળેલ	1	1.00000000
રાષ્ટ્રપતિ	અંકલેશ્વર	1	1.00000000
રાષ્ટ્રપતિએ	ગાંધીજીની	1	1.00000000
રાહ	જોઈ	1	1.00000000
રાહુલ	ગાંધી	1	1.00000000
રિજેક્શનના	ભયના	1	1.00000000
રિન્યૂએબલ	એનર્જી	1	1.00000000
રિસર્ચ	ઇન્સ્ટિટયૂટ	1	1.00000000
રીટા	અને	1	1.00000000
રીતે	એક	1	0.33333333
રીતે	પૂજન	1	0.33333333
રીતે	રોકશે	1	0.33333333
રૂપિયાની	ગ્રાન્ટ	1	1.00000000
રૃપીયા	ચુકવ્યા	1	1.00000000
રૃપીયાની	તુવેરો	1	1.00000000
રોકશે	,	1	1.00000000
રોજ	અવસાન	1	0.50000000
રોજ	સાંજે	1	0.50000000
રોજગારીની	તક	1	0.50000000
રોજગારીની	નવી	1	0.50000000
રોષ	ને	1	1.00000000
લઇ	જવાની	1	0.50000000
લઇ	શકે	1	0.50000000
લઈને	ચિંતા	1	1.00000000
લખશે	તે	1	1.00000000
લખી	ન	1	1.00000000
લગભગ	30,000	1	0.33333333
લગભગ	359	1	0.33333333
લગભગ	પૂરી	1	0.33333333
લઘુતમ	મર્યાદા	1	1.00000000
લાઇસન્સવાળા	ડ્રાઇવરોને	1	1.00000000
લાખ	રોજગારીની	1	1.00000000
લાગણી	ઉત્પન્ન	1	1.00000000
લિધો	છે	1	1.00000000
લીધો	,	1	0.50000000
લીધો	છે	1	0.50000000
લીમડી	તેમજ	1	1.00000000
લેતાં	હાલ	1	1.00000000
લેનારા	80	1	1.00000000
લેબર	સ્ટેટિસ્ટિક્સ	1	1.00000000
લેવા	માગતા	1	1.00000000
લોકપ્રિય	કીફિર	1	1.00000000
લોકાર્પણ	કર્યું	1	1.00000000
લોકો	પેટની	1	0.33333333
લોકો	માટે	1	0.33333333
લોકો	સ્મિત	1	0.33333333
લોકોથી	ક્યારેય	1	1.00000000
લોકોના	જનાદેશનો	1	1.00000000
લોકોનો	વિશ્વાસ	1	1.00000000
લોડ	માટે	1	1.00000000
વખત	.	1	0.50000000
વખત	સાંભળો	1	0.50000000
વગર	પોતાની	1	1.00000000
વચન	આપ્યું	1	1.00000000
વચ્ચેનો	પગાર	1	1.00000000
વજન	આગળ	1	0.33333333
વજન	ઘટાડવા	1	0.33333333
વજન	લઇ	1	0.33333333
વડોદરા	શહેર	1	1.00000000
વધારવા	બાબતે	1	1.00000000
વધારવાની	જરૂર	1	1.00000000
વધારે	થશે	1	1.00000000
વધારો	થવાનો	1	1.00000000
વધુ	મજા	1	0.33333333
વધુ	લોકપ્રિય	1	0.33333333
વધુ	સારો	1	0.33333333
વયના	લોકો	1	1.00000000
વર્ગના	સપોર્ટથી	1	1.00000000
વર્લ્ડ	રિસર્ચ	1	1.00000000
વર્ષ	સુધીની	1	1.00000000
વર્ષના	યોજનાકીય	1	1.00000000
વર્ષમાં	૨૦૨૨	1	1.00000000
વર્ષે	અમેરિકામાં	1	1.00000000
વલણ	ધરાવતા	1	0.50000000
વલણ	વ્યક્ત	1	0.50000000
વસાવા	તમારા	1	1.00000000
વસ્તુઓ	પરત	1	1.00000000
વા	લેનારા	1	1.00000000
વાતને	લઈને	1	1.00000000
વાતો	ફરી	1	1.00000000
વાય	એસ	1	1.00000000
વાયરસના	ભયને	1	1.00000000
વિકલ્પ	પસંદ	1	1.00000000
વિકલ્પરૂપે	આ	1	1.00000000
વિકાસના	કામો	1	1.00000000
વિતાવવો	ઉપયોગી	1	1.00000000
વિદેશી	દારૃનો	1	1.00000000
વિનોદ	,	1	1.00000000
વિપક્ષના	સરકાર	1	1.00000000
વિરસિંહને	ત્યાં	1	1.00000000
વિવાહનો	શુભ	1	1.00000000
વિશે	ઘણીબધી	1	0.50000000
વિશે	પ્રકાશ	1	0.50000000
વિશ્વના	દ્રષ્ટિ	1	1.00000000
વિશ્વાસ	ફરીથી	1	1.00000000
વિસ્તારના	ગરીબ	1	1.00000000
વિસ્તારમાં	તેમના	1	1.00000000
વીણાએ	કહ્યુ	1	1.00000000
વીમા	કાયદાઓએ	1	0.25000000
વીમા	દરોમાં	1	0.25000000
વીમા	પૉલિસી	1	0.25000000
વીમા	પ્રદાતાઓ	1	0.25000000
વીમાનો	પુરાવો	1	1.00000000
વૃદ્ધ	મહિલાને	1	1.00000000
વૃદ્ધિ	પામી	1	1.00000000
વેગનઆર	કારમાં	1	1.00000000
વેચાણો	પર	1	1.00000000
વેધક	સવાલો	1	1.00000000
વેપારીઓને	રૂા	1	1.00000000
વેરા	વધારવા	1	1.00000000
વેરાકીય	આવકને	1	1.00000000
વેરાવળ	હરસુખલાલ	1	1.00000000
વેરાશાખ	તબદીલ	1	1.00000000
વેરો	સરકારમાં	1	1.00000000
વૈશ્વિક	સંશોધન	1	1.00000000
વોટર	સપ્લાયરની	1	1.00000000
વ્યક્ત	કરી	1	1.00000000
વ્યક્તિગત	ઉષ્ણતા	1	1.00000000
વ્યવહારો	દર્શાવી	1	1.00000000
વ્યસ્ત	છે	1	1.00000000
વ્યાપક	તાલીમ	1	0.50000000
વ્યાપક	સર્મથન	1	0.50000000
શકાય	છે	1	1.00000000
શકે	.	1	0.16666667
શક્યત	જૂન	1	1.00000000
શક્યતા	છે	1	1.00000000
શબ્દો	,	1	1.00000000
શરૂ	થશે	1	0.33333333
શહેર	જિલ્લામાં	1	0.50000000
શહેર	ભથ્થું	1	0.50000000
શહેરમાં	ભારે	1	1.00000000
શામળાજી	બોર્ડર	1	1.00000000
શાસ્ત્રોમાં	ધનતેરસ	1	1.00000000
શીખ્યા	સાથે	1	1.00000000
શુ	ગુટર	1	0.50000000
શુ	પડી	1	0.50000000
શું	અમિતાભ	1	1.00000000
શુભ	ના	1	0.50000000
શુભ	યોગ	1	0.50000000
સંકેત	સામે	1	1.00000000
સંપત્તિ	પાછા	1	1.00000000
સંબંધિત	છે	1	1.00000000
સંમત	,	1	1.00000000
સંશોધન	સંસ્થા	1	1.00000000
સંસદમાં	ઉઠ્યો	1	1.00000000
સંસ્થા	વર્લ્ડ	1	1.00000000
સગર્ભા	સ્ત્રીઓ	1	1.00000000
સગર્ભાવસ્થામાં	ઠંડીથી	1	1.00000000
સજા	કરવામાં	1	1.00000000
સજ્જન	તેમને	1	0.50000000
સજ્જન	શીખ્યા	1	0.50000000
સત્તાધીશો	અને	1	1.00000000
સત્ય	દર્શાવવામાં	1	1.00000000
સદ્ગતનું	ટેલીફોનીક	1	1.00000000
સપોર્ટથી	સ્થિતિ	1	1.00000000
સપ્લાઈ	થાય	1	1.00000000
સપ્લાયરની	યોજના	1	1.00000000
સભ્યોએ	ભાજપ	1	1.00000000
સમગ્ર	શહેરમાં	1	1.00000000
સમજશક્તિ	,	1	1.00000000
સમજાવેલું	છે	1	1.00000000
સમય	શુભ	1	1.00000000
સમયમાં	તઘલખી	1	1.00000000
સમૃદ્ધ	હતા	1	1.00000000
સરકાર	પર	1	0.50000000
સરકાર	વિકાસના	1	0.50000000
સરકારની	વેરાકીય	1	1.00000000
સરકારમાં	જમા	1	1.00000000
સરદાર	પટેલ	1	1.00000000
સરળતાથી	જોઈ	1	1.00000000
સરેરાશ	પગાર	1	1.00000000
સર્જાવાની	શક્યતા	1	1.00000000
સર્મથન	મળ્યુ	1	1.00000000
સવાલો	પત્રિકાના	1	1.00000000
સહીત	અનેક	1	1.00000000
સાંચોર	તેમજ	1	1.00000000
સાંજે	ચા	1	0.50000000
સાંજે	૪	1	0.50000000
સાંભળો	છો	1	1.00000000
સાંસદ	અહેમદ	1	1.00000000
સાગબારા	વિસ્તારના	1	1.00000000
સાચી	હકીકત	1	1.00000000
સાથે	ઘર	1	0.12500000
સાથે	પાસે	1	0.12500000
સાથે	ભાગી	1	0.12500000
સાથે	મળી	1	0.12500000
સાથે	રહેવા	1	0.12500000
સાથે	વધુ	1	0.12500000
સાથે	સ્વતંત્ર	1	0.12500000
સાથે	હરાવ્યું	1	0.12500000
સામે	જનતાએ	1	0.50000000
સામે	ટ્વિટર	1	0.50000000
સારવાર	.	1	1.00000000
સારા	જૂના	1	1.00000000
સારી	રીતે	1	1.00000000
સારું	પ્રદર્શન	1	0.50000000
સારું	બદલો	1	0.50000000
સારો	ભાવ	1	0.50000000
સારો	હતો	1	0.50000000
સિંધિયાની	જન	1	1.00000000
સિન્ડ્રોમ	જોવા	1	1.00000000
સિવાય	જે	1	1.00000000
સિસ્ટમ	માટે	1	1.00000000
સીરિઝમાં	સત્ય	1	1.00000000
સુખદ	રહેશે	1	1.00000000
સુચના	અને	1	1.00000000
સુધી	આવ્યા	1	0.50000000
સુધી	તેઓ	1	0.50000000
સુધીની	સજા	1	1.00000000
સુધીમાં	૩.	1	1.00000000
સુનાવણી	,	1	1.00000000
સુનિલ	,	1	1.00000000
સુપર	મોડલ	1	1.00000000
સુભાષ	અગ્રવાલે	1	1.00000000
સેના	દ્વારા	1	1.00000000
સૌથી	વધુ	1	1.00000000
સ્ક્રિપ	થી	1	1.00000000
સ્ટેટિસ્ટિક્સ	અનુસાર	1	1.00000000
સ્ટેટ્સ	બ્યુરો	1	1.00000000
સ્ટેશનમાં	પ્રાણી	1	1.00000000
સ્ત્રીઓ	અને	1	1.00000000
સ્થાનીક	દેડીયાપાડા	1	1.00000000
સ્થાને	પહોંચી	1	1.00000000
સ્થાપિત	થયેલ	1	1.00000000
સ્થિતિ	સુખદ	1	1.00000000
સ્મિત	આપીને	1	1.00000000
સ્વતંત્ર	,	1	0.50000000
સ્વતંત્ર	યોજના	1	0.50000000
સ્વતંત્રતા	લખી	1	1.00000000
સ્વવેન	માટે	1	1.00000000
સ્વવેના	મુદ્રામાં	1	1.00000000
સ્વાગત	કરીએ	1	1.00000000
હકીકત	જણાશે	1	1.00000000
હતા	અને	1	0.16666667
હતાં	જ્યાં	1	1.00000000
હતી	અને	1	0.20000000
હતી	કે	1	0.20000000
હતી	ને	1	0.20000000
હતુ	,	1	0.50000000
હતુ	.	1	0.50000000
હતું	જ્યારે	1	0.12500000
હતો	,	1	0.12500000
હતો	જેના	1	0.12500000
હતો	ને	1	0.12500000
હરસુખલાલ	નાથાલાલ	1	1.00000000
હરાવ્યું	અટકે	1	0.33333333
હરાવ્યું	શરૂ	1	0.33333333
હરાવ્યું	સુધી	1	0.33333333
હરીશભાઇ	માવાણીએ	1	1.00000000
હશે	.	1	1.00000000
હાઈકોર્ટના	નિર્દેશોના	1	1.00000000
હાજર	રહ્યા	1	1.00000000
હાર	પર	1	1.00000000
હાર્ટ	ઇન્સ્ટીટયૂટનું	1	1.00000000
હાલ	સમગ્ર	1	1.00000000
હાલોલ	,	1	1.00000000
હિંમતનગર	,	1	1.00000000
હીટ	એક્સચેન્જો	1	0.50000000
હીટ	એક્સ્ચેન્જર	1	0.50000000
હીટિંગ	સિસ્ટમ	1	1.00000000
હીરેશનભાઇ	,	1	1.00000000
હું	ઇચ્છતી	1	1.00000000
હેઠળ	પોલીસની	1	1.00000000
હોઈ	શકે	1	1.00000000
હોટ	વોટર	1	1.00000000
હોતુ	હતું	1	1.00000000
હોય	છે	1	1.00000000
હોવાથી	ટાળી	1	1.00000000
હોસ્પિટલ	એન્ડ	1	1.00000000
હોસ્પિટલની	તકતીનું	1	1.00000000
હોસ્પિટલનું	અવલોકન	1	1.00000000
૧.	૯૭	1	1.00000000
૧૦.	૪૨	1	1.00000000
૧૫.	૬૦	1	1.00000000
૨૦૨૨	સુધીમાં	1	1.00000000
૩	જેટલી	1	0.50000000
૩	ના	1	0.50000000
૩.	૩૦	1	1.00000000
૩૦	લાખ	1	1.00000000
૪	થી	1	1.00000000
૪૨	કરોડની	1	1.00000000
૪૫	કરોડની	1	1.00000000
૬	રાખેલ	1	1.00000000
૬૦	કરોડના	1	1.00000000
૭	થી	1	0.50000000
૭	પ	1	0.50000000
૮	કરોડ	1	1.00000000
૮.	૪૫	1	1.00000000
૯૭	કરોડોનો	1	1.00000000
