token	count	p
.	98	0.06689420
છે	51	0.03481229
,	47	0.03208191
અને	28	0.01911263
આ	21	0.01433447
માટે	18	0.01228669
કે	11	0.00750853
એક	9	0.00614334
સાથે	8	0.00546075
હતું	8	0.00546075
હતો	8	0.00546075
તેઓ	7	0.00477816
પણ	7	0.00477816
કર્યું	6	0.00409556
તે	6	0.00409556
તેમજ	6	0.00409556
તેમણે	6	0.00409556
ને	6	0.00409556
શકે	6	0.00409556
હતા	6	0.00409556
કરવામાં	5	0.00341297
ના	5	0.00341297
પર	5	0.00341297
હતી	5	0.00341297
આવે	4	0.00273038
એ	4	0.00273038
કારણે	4	0.00273038
જૂના	4	0.00273038
જે	4	0.00273038
ડી	4	0.00273038
તેને	4	0.00273038
થઈ	4	0.00273038
થી	4	0.00273038
દ્વારા	4	0.00273038
પછી	4	0.00273038
પી	4	0.00273038
માણસ	4	0.00273038
રહેશે	4	0.00273038
રૂા	4	0.00273038
વીમા	4	0.00273038
આરોપી	3	0.00204778
આવી	3	0.00204778
આવ્યા	3	0.00204778
ઉત્તર	3	0.00204778
એસ	3	0.00204778
કરી	3	0.00204778
કેદીઓને	3	0.00204778
કોઈ	3	0.00204778
જ	3	0.00204778
જણાવ્યું	3	0.00204778
જથ્થો	3	0.00204778
જોવા	3	0.00204778
ઝડપી	3	0.00204778
ટ્વિટર	3	0.00204778
તેના	3	0.00204778
તેની	3	0.00204778
તેમની	3	0.00204778
તો	3	0.00204778
ત્રણ	3	0.00204778
દારૃનો	3	0.00204778
નર્મદા	3	0.00204778
નહીં	3	0.00204778
બે	3	0.00204778
ભારે	3	0.00204778
યાત્રા	3	0.00204778
રીતે	3	0.00204778
લગભગ	3	0.00204778
લોકો	3	0.00204778
વજન	3	0.00204778
વધુ	3	0.00204778
શરૂ	3	0.00204778
હરાવ્યું	3	0.00204778
!	2	0.00136519
...	2	0.00136519
અંદર	2	0.00136519
અનાવરણ	2	0.00136519
અલગ	2	0.00136519
આખરે	2	0.00136519
આપી	2	0.00136519
આપે	2	0.00136519
આમ	2	0.00136519
આવશે	2	0.00136519
ઉખાણાઓ	2	0.00136519
ઉપયોગી	2	0.00136519
એલ	2	0.00136519
કરવાનું	2	0.00136519
કરશે	2	0.00136519
કરીને	2	0.00136519
કરે	2	0.00136519
કરોડની	2	0.00136519
કર્યા	2	0.00136519
કલ્પેશ	2	0.00136519
કહી	2	0.00136519
કહ્યું	2	0.00136519
કામ	2	0.00136519
કાર	2	0.00136519
કેન્દ્રીય	2	0.00136519
ખરીદી	2	0.00136519
ખાસ	2	0.00136519
ખેડુતોને	2	0.00136519
ખેડૂતો	2	0.00136519
ગાંધીજીની	2	0.00136519
જતા	2	0.00136519
જન	2	0.00136519
જરૂર	2	0.00136519
જીલ્લા	2	0.00136519
જેને	2	0.00136519
જોઈ	2	0.00136519
જ્યારે	2	0.00136519
તપાસ	2	0.00136519
તમામ	2	0.00136519
તમારા	2	0.00136519
તા	2	0.00136519
તેમને	2	0.00136519
ત્યાં	2	0.00136519
થશે	2	0.00136519
થાય	2	0.00136519
દરમિયાન	2	0.00136519
દિવસ	2	0.00136519
ન	2	0.00136519
નજીક	2	0.00136519
નવી	2	0.00136519
પગલે	2	0.00136519
પગાર	2	0.00136519
પટેલ	2	0.00136519
પરત	2	0.00136519
પાડવા	2	0.00136519
પાડવામાં	2	0.00136519
પૂરી	2	0.00136519
પોતાની	2	0.00136519
પોલીસ	2	0.00136519
પ્રદેશમાં	2	0.00136519
પ્રેમી	2	0.00136519
પ્લેટ	2	0.00136519
બંધ	2	0.00136519
બાળકો	2	0.00136519
બી	2	0.00136519
ભથ્થું	2	0.00136519
ભયના	2	0.00136519
મળી	2	0.00136519
મુક્ત	2	0.00136519
મોટાપાયે	2	0.00136519
યોગ્ય	2	0.00136519
યોજના	2	0.00136519
રોજ	2	0.00136519
રોજગારીની	2	0.00136519
લઇ	2	0.00136519
લાગે	2	0.00136519
લીધો	2	0.00136519
વખત	2	0.00136519
વલણ	2	0.00136519
વિશે	2	0.00136519
વ્યાપક	2	0.00136519
શહેર	2	0.00136519
શુ	2	0.00136519
શુભ	2	0.00136519
સજ્જન	2	0.00136519
સરકાર	2	0.00136519
સાંજે	2	0.00136519
સામે	2	0.00136519
સારું	2	0.00136519
સારો	2	0.00136519
સી	2	0.00136519
સુધી	2	0.00136519
સ્વતંત્ર	2	0.00136519
હતુ	2	0.00136519
હીટ	2	0.00136519
૩	2	0.00136519
૭	2	0.00136519
10	1	0.00068259
100	1	0.00068259
2008	1	0.00068259
23.	1	0.00068259
3	1	0.00068259
30,000	1	0.00068259
32,000	1	0.00068259
359	1	0.00068259
48.	1	0.00068259
55,040	1	0.00068259
80	1	0.00068259
83,000	1	0.00068259
97	1	0.00068259
?	1	0.00068259
Deep@Gmi.com	1	0.00068259
https://hello.com	1	0.00068259
અંકલેશ્વર	1	0.00068259
અંતે	1	0.00068259
અગવડતાને	1	0.00068259
અગ્રવાલને	1	0.00068259
અગ્રવાલે	1	0.00068259
અટકે	1	0.00068259
અઠવાડિયાના	1	0.00068259
અઠવાડિયામાં	1	0.00068259
અઠવાડિયે	1	0.00068259
અથવા	1	0.00068259
અધ્યક્ષ	1	0.00068259
અનરજીસ્ટર્ડ	1	0.00068259
અનલોડ	1	0.00068259
અનુભવ	1	0.00068259
અનુસાર	1	0.00068259
અનેક	1	0.00068259
અન્ય	1	0.00068259
અપરાધ	1	0.00068259
અપાયુ	1	0.00068259
અભાવ	1	0.00068259
અભિપ્રાય	1	0.00068259
અમદાવાદ	1	0.00068259
અમદાવાદમાં	1	0.00068259
અમને	1	0.00068259
અમિતાભ	1	0.00068259
અમેરિકાની	1	0.00068259
અમેરિકામાં	1	0.00068259
અર્પણ	1	0.00068259
અવલોકન	1	0.00068259
અવસાન	1	0.00068259
અવાજ	1	0.00068259
અવાઝ	1	0.00068259
અહીંયાં	1	0.00068259
અહેમદ	1	0.00068259
આંકડો	1	0.00068259
આઇ	1	0.00068259
આઇટીપી	1	0.00068259
આગ	1	0.00068259
આગળ	1	0.00068259
આગામી	1	0.00068259
આણંદ	1	0.00068259
આત્મવિશ્વાસનો	1	0.00068259
આદરી	1	0.00068259
આદીવાસી	1	0.00068259
આપ	1	0.00068259
આપઘાત	1	0.00068259
આપણાં	1	0.00068259
આપણે	1	0.00068259
આપનાં	1	0.00068259
આપને	1	0.00068259
આપવા	1	0.00068259
આપવામાં	1	0.00068259
આપીને	1	0.00068259
આપીશ	1	0.00068259
આપ્યું	1	0.00068259
આબુથી	1	0.00068259
આરોપ	1	0.00068259
આરોપીને	1	0.00068259
આવકને	1	0.00068259
આવતો	1	0.00068259
આવા	1	0.00068259
આવેલી	1	0.00068259
આવ્યો	1	0.00068259
આશરા	1	0.00068259
આશિર્વાદ	1	0.00068259
આશીર્વાદ	1	0.00068259
આસપાસ	1	0.00068259
ઇચ્છતી	1	0.00068259
ઇન્ડસ્ટ્રીઝના	1	0.00068259
ઇન્સ્ટિટયૂટ	1	0.00068259
ઇન્સ્ટીટયૂટનું	1	0.00068259
ઇન્હેલેશન	1	0.00068259
ઈન્દોરના	1	0.00068259
ઉ	1	0.00068259
ઉઘરાવેલ	1	0.00068259
ઉઠાવવો	1	0.00068259
ઉઠ્યો	1	0.00068259
ઉતારવામાં	1	0.00068259
ઉત્પન્ન	1	0.00068259
ઉદાહરણ	1	0.00068259
ઉદ્ઘાટન	1	0.00068259
ઉપયોગ	1	0.00068259
ઉપરાંત	1	0.00068259
ઉમળકાભેર	1	0.00068259
ઉષ્ણતા	1	0.00068259
ઊંચા	1	0.00068259
એકનું	1	0.00068259
એક્સચેન્જો	1	0.00068259
એક્સ્ચેન્જર	1	0.00068259
એચ	1	0.00068259
એટલી	1	0.00068259
એનર્જી	1	0.00068259
એન્જીનીયર	1	0.00068259
એન્ડ	1	0.00068259
એમ	1	0.00068259
એમણે	1	0.00068259
એલાન	1	0.00068259
એવી	1	0.00068259
એસ્ટેટ	1	0.00068259
ઓપી	1	0.00068259
ઓફ	1	0.00068259
કંડલા	1	0.00068259
કંપની	1	0.00068259
કઈ	1	0.00068259
કન્ટેનર	1	0.00068259
કપ	1	0.00068259
કપરા	1	0.00068259
કરતા	1	0.00068259
કરતાં	1	0.00068259
કરવા	1	0.00068259
કરવાની	1	0.00068259
કરવાનો	1	0.00068259
કરવું	1	0.00068259
કરાયો	1	0.00068259
કરાવેલ	1	0.00068259
કરીએ	1	0.00068259
કરેલ	1	0.00068259
કરો	1	0.00068259
કરોડ	1	0.00068259
કરોડના	1	0.00068259
કરોડો	1	0.00068259
કરોડોનો	1	0.00068259
કર્ક	1	0.00068259
કર્મચારીઓને	1	0.00068259
કલાક	1	0.00068259
કહ્યુ	1	0.00068259
કાગદડી	1	0.00068259
કાન	1	0.00068259
કામની	1	0.00068259
કામો	1	0.00068259
કાયદાઓએ	1	0.00068259
કારણ	1	0.00068259
કારમાં	1	0.00068259
કાર્ય	1	0.00068259
કાર્યકરોએ	1	0.00068259
કિસ્સામાં	1	0.00068259
કીફિર	1	0.00068259
કુલ	1	0.00068259
કેટલાક	1	0.00068259
કેવી	1	0.00068259
કેસ	1	0.00068259
કૉલેજમાં	1	0.00068259
કોંગ્રેસ	1	0.00068259
કોરોના	1	0.00068259
કોર્ટે	1	0.00068259
કોહલી	1	0.00068259
ક્યારેક	1	0.00068259
ક્યારેય	1	0.00068259
ક્રૂરતાનો	1	0.00068259
ક્ષેત્રના	1	0.00068259
ક્ષેત્રમાં	1	0.00068259
ક્ષેત્રે	1	0.00068259
ખરીદવાનું	1	0.00068259
ખરીદીઓનાં	1	0.00068259
ખર્ચો	1	0.00068259
ખળભળાટ	1	0.00068259
ખવડાવી	1	0.00068259
ખુબજ	1	0.00068259
ખૂબ	1	0.00068259
ખેંચે	1	0.00068259
ખેડુતોમા	1	0.00068259
ખેતીના	1	0.00068259
ગઇ	1	0.00068259
ગઈ	1	0.00068259
ગમે	1	0.00068259
ગયું	1	0.00068259
ગયો	1	0.00068259
ગરીબ	1	0.00068259
ગરીબોને	1	0.00068259
ગાંધી	1	0.00068259
ગાંધીનગર	1	0.00068259
ગાડી	1	0.00068259
ગામડાના	1	0.00068259
ગામની	1	0.00068259
ગાર્ગી	1	0.00068259
ગુ	1	0.00068259
ગુજરાતના	1	0.00068259
ગુજરાતમાં	1	0.00068259
ગુટર	1	0.00068259
ગુસ્સો	1	0.00068259
ગોધરા	1	0.00068259
ગ્રાન્ટ	1	0.00068259
ગ્રેચ્યુઇટીમાં	1	0.00068259
ગ્રો	1	0.00068259
ઘટાડવા	1	0.00068259
ઘણા	1	0.00068259
ઘણીબધી	1	0.00068259
ઘર	1	0.00068259
ચકચાર	1	0.00068259
ચર્ચા	1	0.00068259
ચા	1	0.00068259
ચાર્મી	1	0.00068259
ચિંતા	1	0.00068259
ચુકવ્યા	1	0.00068259
ચેતનભાઇ	1	0.00068259
ચોરી	1	0.00068259
છીએ	1	0.00068259
છેડતીનો	1	0.00068259
છેલ્લા	1	0.00068259
છો	1	0.00068259
છોડવાના	1	0.00068259
જઈ	1	0.00068259
જણાવો	1	0.00068259
જણાશે	1	0.00068259
જનતાએ	1	0.00068259
જનાદેશનો	1	0.00068259
જમા	1	0.00068259
જમીન	1	0.00068259
જવાની	1	0.00068259
જાડેજાના	1	0.00068259
જાતકો	1	0.00068259
જાદુ	1	0.00068259
જાદુઈ	1	0.00068259
જિલ્લામાં	1	0.00068259
જી	1	0.00068259
જીઇબી	1	0.00068259
જીતીવા	1	0.00068259
જીલ્લાના	1	0.00068259
જૂથ	1	0.00068259
જૂન	1	0.00068259
જેટલી	1	0.00068259
જેના	1	0.00068259
જેમના	1	0.00068259
જોઈએ	1	0.00068259
જોકે	1	0.00068259
જોખમ	1	0.00068259
જોવામાં	1	0.00068259
જોવું	1	0.00068259
જ્યાં	1	0.00068259
જ્યાંથી	1	0.00068259
જ્યોતિરાદિત્ય	1	0.00068259
ઝડપથી	1	0.00068259
ઝાલોદના	1	0.00068259
ટાઇગર	1	0.00068259
ટાળી	1	0.00068259
ટીમો	1	0.00068259
ટીમોએ	1	0.00068259
ટેક્સ	1	0.00068259
ટેલીફોનીક	1	0.00068259
ટ્રસ્ટ	1	0.00068259
ઠંડીથી	1	0.00068259
ઠલવાય	1	0.00068259
ઠાલવે	1	0.00068259
ઠેકાઓ	1	0.00068259
ડબ્લ્યૂઆરઆઇ	1	0.00068259
ડીએની	1	0.00068259
ડીપીટી	1	0.00068259
ડેડીયાપાડા	1	0.00068259
ડોલર	1	0.00068259
ડોલરની	1	0.00068259
ડ્રાઇવરોને	1	0.00068259
ડ્રોપની	1	0.00068259
ઢાંઢણી	1	0.00068259
તક	1	0.00068259
તકતીનું	1	0.00068259
તકો	1	0.00068259
તઘલખી	1	0.00068259
તટસ્થ	1	0.00068259
તથા	1	0.00068259
તપાસકર્તાઓ	1	0.00068259
તબક્કા	1	0.00068259
તબદીલ	1	0.00068259
તમને	1	0.00068259
તમારો	1	0.00068259
તમાશો	1	0.00068259
તરફ	1	0.00068259
તરીકે	1	0.00068259
તરુણો	1	0.00068259
તહું	1	0.00068259
તાલીમ	1	0.00068259
તુવેરો	1	0.00068259
તેનાં	1	0.00068259
તેમ	1	0.00068259
તેમના	1	0.00068259
તેમાં	1	0.00068259
તેવાં	1	0.00068259
ત્યારબાદ	1	0.00068259
ત્યારે	1	0.00068259
ત્રિપુરા	1	0.00068259
થઇ	1	0.00068259
થયેલ	1	0.00068259
થવા	1	0.00068259
થવાનો	1	0.00068259
દબાણના	1	0.00068259
દરોમાં	1	0.00068259
દર્દીઓમાં	1	0.00068259
દર્શાવવામાં	1	0.00068259
દર્શાવી	1	0.00068259
દર્શાવેલ	1	0.00068259
દાન	1	0.00068259
દારૃ	1	0.00068259
દિલીપ	1	0.00068259
દીઠ	1	0.00068259
દુકાન	1	0.00068259
દેખાવા	1	0.00068259
દેડીયાપાડા	1	0.00068259
દેવી	1	0.00068259
દેશના	1	0.00068259
દ્રશ્ય	1	0.00068259
દ્રષ્ટિ	1	0.00068259
ધન	1	0.00068259
ધનતેરસ	1	0.00068259
ધરાવતા	1	0.00068259
ધારાસભ્ય	1	0.00068259
ધુસી	1	0.00068259
ધ્યાનમાં	1	0.00068259
નડિયાદ	1	0.00068259
નથી	1	0.00068259
નમૂનારૂપ	1	0.00068259
નવો	1	0.00068259
નાગડાવાસ	1	0.00068259
નાગાલેન્ડ	1	0.00068259
નાથાલાલ	1	0.00068259
નામ	1	0.00068259
નામે	1	0.00068259
નિર્ણય	1	0.00068259
નિર્ણયો	1	0.00068259
નિર્દેશોના	1	0.00068259
નિવૃત	1	0.00068259
નિવેદન	1	0.00068259
નિષ્ફળતા	1	0.00068259
ની	1	0.00068259
નું	1	0.00068259
નુકશાન	1	0.00068259
નેતાઓ	1	0.00068259
નેતાઓને	1	0.00068259
નો	1	0.00068259
નોંધવામાં	1	0.00068259
પ	1	0.00068259
પંખીડાએ	1	0.00068259
પંપનું	1	0.00068259
પકડવા	1	0.00068259
પક્ષના	1	0.00068259
પડશે	1	0.00068259
પડી	1	0.00068259
પત્ની	1	0.00068259
પત્રિકાના	1	0.00068259
પરથી	1	0.00068259
પરિણમી	1	0.00068259
પરિણીતાએ	1	0.00068259
પર્સ	1	0.00068259
પર્સન	1	0.00068259
પસંદ	1	0.00068259
પહેલા	1	0.00068259
પહેલાં	1	0.00068259
પહેલાંના	1	0.00068259
પહોંચાડેલ	1	0.00068259
પહોંચી	1	0.00068259
પહોંચ્યાં	1	0.00068259
પાંચ	1	0.00068259
પાછળ	1	0.00068259
પાછા	1	0.00068259
પાડયો	1	0.00068259
પાડીશું	1	0.00068259
પામી	1	0.00068259
પામેલ	1	0.00068259
પાલનપુર	1	0.00068259
પાલિકા	1	0.00068259
પાલિકાના	1	0.00068259
પાસે	1	0.00068259
પાસેથી	1	0.00068259
પિતાશ્રીનું	1	0.00068259
પુખ્ત	1	0.00068259
પુરાવા	1	0.00068259
પુરાવો	1	0.00068259
પુરું	1	0.00068259
પુષ્પ	1	0.00068259
પૂજન	1	0.00068259
પેટના	1	0.00068259
પેટની	1	0.00068259
પેરેન્ટ્સે	1	0.00068259
પૉલિસી	1	0.00068259
પોતાના	1	0.00068259
પોર્ટ	1	0.00068259
પોલીસની	1	0.00068259
પોલીસે	1	0.00068259
પોેલીસ	1	0.00068259
પ્રકાર	1	0.00068259
પ્રકાશ	1	0.00068259
પ્રકાશનનો	1	0.00068259
પ્રણવ	1	0.00068259
પ્રતિક્રિયા	1	0.00068259
પ્રતિબદ્ધ	1	0.00068259
પ્રતિમાનું	1	0.00068259
પ્રતિમાને	1	0.00068259
પ્રથમ	1	0.00068259
પ્રદર્શન	1	0.00068259
પ્રદાતાઓ	1	0.00068259
પ્રસંગે	1	0.00068259
પ્રસન્ન	1	0.00068259
પ્રાણી	1	0.00068259
પ્રાણીઓનાં	1	0.00068259
પ્રોવિડન્ટ	1	0.00068259
ફંડ	1	0.00068259
ફરાર	1	0.00068259
ફરી	1	0.00068259
ફરીથી	1	0.00068259
ફર્યા	1	0.00068259
ફિલ્મમાં	1	0.00068259
ફિલ્મો	1	0.00068259
ફેલો	1	0.00068259
ફોલ્ટ	1	0.00068259
બંધનુ	1	0.00068259
બંને	1	0.00068259
બગાડીયાની	1	0.00068259
બચ્ચના	1	0.00068259
બદલામાં	1	0.00068259
બદલો	1	0.00068259
બધી	1	0.00068259
બનાવી	1	0.00068259
બની	1	0.00068259
બાતમીદારોનો	1	0.00068259
બાબતે	1	0.00068259
બાળ	1	0.00068259
બાળગૃહમાંથી	1	0.00068259
બાળગૃહોમાં	1	0.00068259
બિંદુ	1	0.00068259
બિચ્છુવાડાથી	1	0.00068259
બિલીંગના	1	0.00068259
બીજા	1	0.00068259
બીજી	1	0.00068259
બૂટલેગર	1	0.00068259
બૂટલેગરો	1	0.00068259
બેગ	1	0.00068259
બેસણુ	1	0.00068259
બોગસ	1	0.00068259
બોર્ડર	1	0.00068259
બ્યુરો	1	0.00068259
ભયને	1	0.00068259
ભરપાઈ	1	0.00068259
ભરવાડ	1	0.00068259
ભરૂચથી	1	0.00068259
ભાગી	1	0.00068259
ભાજપ	1	0.00068259
ભાજપના	1	0.00068259
ભાવ	1	0.00068259
ભીલીસ્તાન	1	0.00068259
ભેટ	1	0.00068259
મંત્રી	1	0.00068259
મચી	1	0.00068259
મચ્યો	1	0.00068259
મજા	1	0.00068259
મન	1	0.00068259
મનોહરસિહ	1	0.00068259
મર્યાદા	1	0.00068259
મળે	1	0.00068259
મળેલ	1	0.00068259
મળ્યુ	1	0.00068259
મળ્યો	1	0.00068259
મહત્ત્વ	1	0.00068259
મહારાષ્ટ્રથી	1	0.00068259
મહિનામાં	1	0.00068259
મહિલા	1	0.00068259
મહિલાને	1	0.00068259
મહિસાગર	1	0.00068259
મહેન્દ્	1	0.00068259
મહેસાણામાં	1	0.00068259
માં	1	0.00068259
માગણી	1	0.00068259
માગતા	1	0.00068259
માટેનો	1	0.00068259
માત્ર	1	0.00068259
માધ્યમથી	1	0.00068259
મામલો	1	0.00068259
માર્ગદર્શન	1	0.00068259
માવાણીએ	1	0.00068259
મિલનભાઇ	1	0.00068259
મિશિગનના	1	0.00068259
મુકત	1	0.00068259
મુખરજીએ	1	0.00068259
મુજબ	1	0.00068259
મુદ્દે	1	0.00068259
મુદ્રામાં	1	0.00068259
મુલાકાત	1	0.00068259
મુશ્કેલ	1	0.00068259
મુસાફરી	1	0.00068259
મેઘાલયમાં	1	0.00068259
મેદસ્વી	1	0.00068259
મેમરી	1	0.00068259
મોડલ	1	0.00068259
મોત	1	0.00068259
મોરબીના	1	0.00068259
મોરારીબાપુએ	1	0.00068259
યુઝર્સને	1	0.00068259
યુનાઇટેડ	1	0.00068259
યુવાન	1	0.00068259
યોગ	1	0.00068259
યોજનાકીય	1	0.00068259
યોનિમાર્ગ	1	0.00068259
રચાયેલ	1	0.00068259
રપ	1	0.00068259
રબારી	1	0.00068259
રમુજી	1	0.00068259
રર	1	0.00068259
રસપ્રદ	1	0.00068259
રહેતા	1	0.00068259
રહેલા	1	0.00068259
રહેવા	1	0.00068259
રહ્યા	1	0.00068259
રહ્યું	1	0.00068259
રહ્યો	1	0.00068259
રાખીને	1	0.00068259
રાખેલ	1	0.00068259
રાજપીપળા	1	0.00068259
રાજસ્થાનના	1	0.00068259
રાજ્ય	1	0.00068259
રાજ્યના	1	0.00068259
રાજ્યપાલ	1	0.00068259
રાજ્યસભાના	1	0.00068259
રાજ્યોમાં	1	0.00068259
રાષ્ટ્રપતિ	1	0.00068259
રાષ્ટ્રપતિએ	1	0.00068259
રાહ	1	0.00068259
રાહુલ	1	0.00068259
રિજેક્શનના	1	0.00068259
રિન્યૂએબલ	1	0.00068259
રિસર્ચ	1	0.00068259
રીટા	1	0.00068259
રૂપિયાની	1	0.00068259
રૃપીયા	1	0.00068259
રૃપીયાની	1	0.00068259
રોકશે	1	0.00068259
રોષ	1	0.00068259
લઈને	1	0.00068259
લખશે	1	0.00068259
લખી	1	0.00068259
લઘુતમ	1	0.00068259
લાઇસન્સવાળા	1	0.00068259
લાખ	1	0.00068259
લાગણી	1	0.00068259
લિધો	1	0.00068259
લીમડી	1	0.00068259
લેતાં	1	0.00068259
લેનારા	1	0.00068259
લેબર	1	0.00068259
લેવા	1	0.00068259
લોકપ્રિય	1	0.00068259
લોકાર્પણ	1	0.00068259
લોકોથી	1	0.00068259
લોકોના	1	0.00068259
લોકોનો	1	0.00068259
લોડ	1	0.00068259
વગર	1	0.00068259
વચન	1	0.00068259
વચ્ચેનો	1	0.00068259
વડોદરા	1	0.00068259
વધારવા	1	0.00068259
વધારવાની	1	0.00068259
વધારે	1	0.00068259
વધારો	1	0.00068259
વયના	1	0.00068259
વર્ગના	1	0.00068259
વર્લ્ડ	1	0.00068259
વર્ષ	1	0.00068259
વર્ષના	1	0.00068259
વર્ષમાં	1	0.00068259
વર્ષે	1	0.00068259
વસાવા	1	0.00068259
વસ્તુઓ	1	0.00068259
વા	1	0.00068259
વાતને	1	0.00068259
વાતો	1	0.00068259
વાય	1	0.00068259
વાયરસના	1	0.00068259
વિકલ્પ	1	0.00068259
વિકલ્પરૂપે	1	0.00068259
વિકાસના	1	0.00068259
વિતાવવો	1	0.00068259
વિદેશી	1	0.00068259
વિનોદ	1	0.00068259
વિપક્ષના	1	0.00068259
વિરસિંહને	1	0.00068259
વિવાહનો	1	0.00068259
વિશ્વના	1	0.00068259
વિશ્વાસ	1	0.00068259
વિસ્તારના	1	0.00068259
વિસ્તારમાં	1	0.00068259
વીણાએ	1	0.00068259
વીમાનો	1	0.00068259
વૃદ્ધ	1	0.00068259
વૃદ્ધિ	1	0.00068259
વેગનઆર	1	0.00068259
વેચાણો	1	0.00068259
વેધક	1	0.00068259
વેપારીઓને	1	0.00068259
વેરા	1	0.00068259
વેરાકીય	1	0.00068259
વેરાવળ	1	0.00068259
વેરાશાખ	1	0.00068259
વેરો	1	0.00068259
વૈશ્વિક	1	0.00068259
વોટર	1	0.00068259
વ્યક્ત	1	0.00068259
વ્યક્તિગત	1	0.00068259
વ્યવહારો	1	0.00068259
વ્યસ્ત	1	0.00068259
શકાય	1	0.00068259
શક્યત	1	0.00068259
શક્યતા	1	0.00068259
શબ્દો	1	0.00068259
શહેરમાં	1	0.00068259
શામળાજી	1	0.00068259
શાસ્ત્રોમાં	1	0.00068259
શીખ્યા	1	0.00068259
શું	1	0.00068259
સંકેત	1	0.00068259
સંપત્તિ	1	0.00068259
સંબંધિત	1	0.00068259
સંમત	1	0.00068259
સંશોધન	1	0.00068259
સંસદમાં	1	0.00068259
સંસ્થા	1	0.00068259
સગર્ભા	1	0.00068259
સગર્ભાવસ્થામાં	1	0.00068259
સજા	1	0.00068259
સત્તાધીશો	1	0.00068259
સત્ય	1	0.00068259
સદ્ગતનું	1	0.00068259
સપોર્ટથી	1	0.00068259
સપ્લાઈ	1	0.00068259
સપ્લાયરની	1	0.00068259
સભ્યોએ	1	0.00068259
સમગ્ર	1	0.00068259
સમજશક્તિ	1	0.00068259
સમજાવેલું	1	0.00068259
સમય	1	0.00068259
સમયમાં	1	0.00068259
સમૃદ્ધ	1	0.00068259
સરકારની	1	0.00068259
સરકારમાં	1	0.00068259
સરદાર	1	0.00068259
સરળતાથી	1	0.00068259
સરેરાશ	1	0.00068259
સર્જાવાની	1	0.00068259
સર્મથન	1	0.00068259
સવાલો	1	0.00068259
સહીત	1	0.00068259
સાંચોર	1	0.00068259
સાંભળો	1	0.00068259
સાંસદ	1	0.00068259
સાગબારા	1	0.00068259
સાચી	1	0.00068259
સારવાર	1	0.00068259
સારા	1	0.00068259
સારી	1	0.00068259
સિંધિયાની	1	0.00068259
સિન્ડ્રોમ	1	0.00068259
સિવાય	1	0.00068259
સિસ્ટમ	1	0.00068259
સીરિઝમાં	1	0.00068259
સુખદ	1	0.00068259
સુચના	1	0.00068259
સુધીની	1	0.00068259
સુધીમાં	1	0.00068259
સુનાવણી	1	0.00068259
સુનિલ	1	0.00068259
સુપર	1	0.00068259
સુભાષ	1	0.00068259
સેના	1	0.00068259
સૌથી	1	0.00068259
સ્ક્રિપ	1	0.00068259
સ્ટેટિસ્ટિક્સ	1	0.00068259
સ્ટેટ્સ	1	0.00068259
સ્ટેશનમાં	1	0.00068259
સ્ત્રીઓ	1	0.00068259
સ્થાનીક	1	0.00068259
સ્થાને	1	0.00068259
સ્થાપિત	1	0.00068259
સ્થિતિ	1	0.00068259
સ્મિત	1	0.00068259
સ્વતંત્રતા	1	0.00068259
સ્વવેન	1	0.00068259
સ્વવેના	1	0.00068259
સ્વાગત	1	0.00068259
હકીકત	1	0.00068259
હતાં	1	0.00068259
હરસુખલાલ	1	0.00068259
હરીશભાઇ	1	0.00068259
હશે	1	0.00068259
હાઈકોર્ટના	1	0.00068259
હાજર	1	0.00068259
હાર	1	0.00068259
હાર્ટ	1	0.00068259
હાલ	1	0.00068259
હાલોલ	1	0.00068259
હિંમતનગર	1	0.00068259
હીટિંગ	1	0.00068259
હીરેશનભાઇ	1	0.00068259
હું	1	0.00068259
હેઠળ	1	0.00068259
હોઈ	1	0.00068259
હોટ	1	0.00068259
હોતુ	1	0.00068259
હોય	1	0.00068259
હોવાથી	1	0.00068259
હોસ્પિટલ	1	0.00068259
હોસ્પિટલની	1	0.00068259
હોસ્પિટલનું	1	0.00068259
૧.	1	0.00068259
૧૦.	1	0.00068259
૧૫.	1	0.00068259
૨૦૨૨	1	0.00068259
૩.	1	0.00068259
૩૦	1	0.00068259
૪	1	0.00068259
૪૨	1	0.00068259
૪૫	1	0.00068259
૬	1	0.00068259
૬૦	1	0.00068259
૮	1	0.00068259
૮.	1	0.00068259
૯૭	1	0.00068259
